comment,webtoon_name,webtoon_num,label
서성은이 다처바른다고?? 너무 벨붕아닌가,외모지상주의,641253,먼치킨인
"솔직히 준구스킬까지 습득했으니 현재로선 성요한이 1등아님?저때기준으론 어떨진몰라도 솔직히준구가 싸울때 위험하다,아프다 소리한건 한신우랑 성요한 둘뿐임이도규조차 압도적 재능이라 그랬었고",외모지상주의,641253,액션물
준구 칼잡은 모습 왤케 잘생겼냐?,외모지상주의,641253,잘생긴
"생각해보니까 서성은 머리 개좋네 ㄹㅇ준구, 종건이 이긴다→ 흑곰파 없어지고 빅딜은 생존흑곰파가 이긴다→ 종건, 준구 없어지고 빅딜과 흑곰피 체면 유지어느 쪽이어도 빅딜은 이득이네서성은 물건 ㅆㅇㅈ",외모지상주의,641253,똑똑한
노안은 주먹하나로 no2까지 올라왔다면서 뭐 하는게 없냐,외모지상주의,641253,액션물
근데 진짜 저 흑곰파 대가리 저거 이진성 복싱 관장 아니냐 ㅋㅋㅋㅋㅋㅋㅋㅋㅋ 이번일로 고딩한테 처참히 깨지고 조용히 체육관 차리고 사는거 아님?,외모지상주의,641253,액션물
노안 주먹으로만 No.2까지올라올 수 있었던 이유는No.3까지 가위만 내서임,외모지상주의,641253,액션물
어째서 종건과 통화하면서 4대크루를 모으던 이지훈의몸이박형석에게 간거지?흑막아님? ㄹㅇ 이지훈이 최대미스테리다최회장이 교도소에서 만난것도 이지훈아님?,외모지상주의,641253,의미심장한
누가 한신우9살때부터 몇십명이랑 싸운게아니라 성인이라고 했었는데.9살때부터 싸운거였네 ㄷ ㄷ,외모지상주의,641253,액션물
성요한이 준구랑 뜰때 김기명MMA카피한게옛날에 만났었다는 복선이였네떡밥회수지린다,외모지상주의,641253,액션물
"이도규ㅡ김기명아빠의 관계둘은 전국구 주먹 vs 전국구 주먹 공동1위로체급 동급, 실력 동급,하지만 세력이있는 기명아빠와 달리 이도규는 단신임.작가 비공개컷씬중 도규랑 기명아빠랑 유명한 일화가 있음. 도규ㅡ 부러쓰부러쓰! 결전의 날이 와부러쓰!ㄲ추좀 살짝 지려부러쓰!기명파파ㅡ 오늘로 대단원이구려. 옷 안입는건 여전하구먼.  대충 이런 내용.격전끝에 결국 김기명 아빠는 엄청난 치명상을 입고 여기서의 부상으로 사망하게됨이도규또한 멀쩡하지못했는데앞니가 몇 날아가고, 손 하나가 불구가 되었으며배에 흉측한 상처를 남기게됨.나중에 일해회 에피에서 보여준 이도규의 앞니빠진모습,의수를 달고 다니는모습, 요한테스트때 상의벗었을때 배에있던 큼직한상처 모두 기명아버지가 남긴것.이후 도규는 전국구 실세가되지만자신도 몸이 무사하지못해 잠정 은퇴후 최동수를만나 돈버는 파트너가됨.그리고 도규가 쓰는 스카프도 잘보면 기명아빠거랑 똑같음전리품이고, 널잊지않겠단 뜻",외모지상주의,641253,액션물
아직까지 외모지상주의 제목에 안맞는다고 까는 사람들이 있냐? 외모 얘기 보고 싶으면 옆동네 여X강림이나 보러 가셈 외지주 느와르물 돼서 ㅈㄴ 재밌어졌으니까 ,외모지상주의,641253,액션물
진짜 옛날엔 외모지상주의를 제대로 비판하는 만화였는데 지금은 느와르물이긴 하다.. 근데 웹툰은 재밌으려고 보지 제목이랑 관련없늠거 찾아서 비판하려고 보나?,외모지상주의,641253,액션물
ㄹㅇ 성요한 나도 집에가고싶어 이거 개슬프네 ㅠㅠㅠㅠㅠㅠㅠㅠㅠ,외모지상주의,641253,오열하는
前 국정원 블랙요원은 신분 자체가 국가 2급 기밀인데 전직 조폭 무에타이 챔피언 출신이라 한들 부상으로 은퇴해서 박형석한테도 발리는 애가 김부장을 잡는 건 말이 안 되지 ㄹㅇ ㅋㅋ 김부장은 4대 크루 탈헤드급인데,외모지상주의,641253,액션물
너클은 바스코가 껴야되는거 아니냐?ㅋㅋㅋㅋㅋ 크루이름이 번너클인데,외모지상주의,641253,액션물
와중에 싸운장면에서 성요한만 가장 적게다쳤네,외모지상주의,641253,액션물
와 드디어 다음주에 준구 싸우는거 볼수있겠넼ㅋㅋㅋㅋㅋ전력으로 연장질 하는거 보여주는건 이번이 처음인데기대된다,외모지상주의,641253,액션물
저런 사기캐를 이기는 종건 그 종건이 존경하는 쁘래딱 쁘래딱 그는 도덕책..,외모지상주의,641253,먼치킨인
저번화가 고구마라고 사이다인 이번화까지 두편 연속 주셨군요 감사합니다 작가님,외모지상주의,641253,사이다인
비주얼만 봤을때 지태가 세계관 1위다.,외모지상주의,641253,잘생긴
지태형 개존잘이네,외모지상주의,641253,잘생긴
형석: 카피진성: 복싱바스코: 무에타이호빈: 유도태성: 주짓수재열: 시스테마장현: 개싸움?...,외모지상주의,641253,액션물
역시 박형석 모델...,외모지상주의,641253,잘생긴
이대로만 가자 개꿀잼,외모지상주의,641253,기다려지는
아니 진짜 요즘 뭐이리 재밌냐,외모지상주의,641253,기다려지는
간만에 겁나 웃었네ㅋㅋ 쿠키두개 안아까운 회차 였어요~,외모지상주의,641253,빵터지는
ㅋㅋㅋㅋㅋㅋㅋㅋㅋ 직원분 너무 귀엽고 그림 ㅋㅋㅋㅋㅋㅋㅋ,외모지상주의,641253,그림체가 귀여운
쿠기 개 귀여우니까 다음에도 그려주시면 조켔네요,외모지상주의,641253,그림체가 귀여운
"귀여운 ""오리"" ㅋㅋㅋㅋㅋㅋㄱㅋㅋㅋㄱㅋㄱㅋㅋㄱㅋㅋㅋㄱㅋㅋㅋㅋㅋㅋㅋㅋㅋㅋㅋㅋㅋㅋㅋㅋㅋㅋㅋㅋㅋㅋㅋㅋㅋㅋㅋㅋㅋㅋㅋㅋㅋㅋㅋㅋ 개터졌다 ㅋㅋㅋㅋㅋㅋㅋㅋㅋㅋ",외모지상주의,641253,빵터지는
사이다 조쿠요,외모지상주의,641253,사이다인
진짜 작가 끊는 거 하나 아침드라마급이네,외모지상주의,641253,기다려지는
아씨 쿠키 있으니까 빨리 다음화좀ㅡㅡ,외모지상주의,641253,기다려지는
ㅋㅋㅋㅋㅋㅋ 짜장면 쳐맞는거 존나 통쾌하네,외모지상주의,641253,사이다인
혹시 미리본사람 얼굴만 스포 해주라... 궁금해 미치겠슴,외모지상주의,641253,기다려지는
씹 소름,외모지상주의,641253,소름돋는
우으 막컷 개소름..,외모지상주의,641253,소름돋는
막컷 소름,외모지상주의,641253,소름돋는
ㄹㅇ 소름,외모지상주의,641253,소름돋는
와씨 마지막 진심 소름돋았네,외모지상주의,641253,소름돋는
막컷보고 소름돋으신분?,외모지상주의,641253,소름돋는
와 저싸이코 개소름;;,외모지상주의,641253,소름돋는
넘나 무서운것..,외모지상주의,641253,어두운
ㅁㅊ막컷 개소름;;; 외모지상주의 급 호러물 됨 ㅋㅋ,외모지상주의,641253,소름돋는
쟨 보면볼수록 노답이야;,외모지상주의,641253,고구마인
하...발암 괜히 찐따당하는게 아닐때도 있구나....,외모지상주의,641253,고구마인
하....발암,외모지상주의,641253,고구마인
너는 아직도 정신을 못차렸냐,외모지상주의,641253,고구마인
아루도 소름; 마음 고쳐먹고 다시 인생 시작할줄 알앗는데..,외모지상주의,641253,소름돋는
마지막 컷 개소름,외모지상주의,641253,소름돋는
마지막 뭔뎅..소름ㄷㄷ,외모지상주의,641253,소름돋는
와 씨 막컷 개소름;;;;,외모지상주의,641253,소름돋는
아빠 존잘,외모지상주의,641253,잘생긴
아빠도 몸 두개냐?개잘생겻네,외모지상주의,641253,잘생긴
떴다!!!,외모지상주의,641253,기다려지는
와우 칼업댓이란 이런것!!^^,외모지상주의,641253,기다려지는
와.... 마지막 장면 보고 대박 소오름 ,외모지상주의,641253,소름돋는
마지막컷보고 소름,외모지상주의,641253,소름돋는
아 개무서워;;;핵소름,외모지상주의,641253,소름돋는
아 개소름 기기괴괴 같았음.....,외모지상주의,641253,소름돋는
막컷 극혐;; 눌러라,외모지상주의,641253,어두운
아 극혐,외모지상주의,641253,어두운
ㅁㅊ 강남건물주 극소름 진짜,외모지상주의,641253,소름돋는
아...뭔가 소름끼쳐..안좋은예감 하늘아 적당히해!!,외모지상주의,641253,의미심장한
강남건물주 보고 소름;,외모지상주의,641253,소름돋는
와....나 베도때부터봤는대 네이버 웹툰떠서 정말 춤추고날리났었는데....남주야...빨리 머싯어지는게 나왔으면 해....ㅜㅜ기다리는게얼마나힘든줄알아?ㅜㅜㅜ,외모지상주의,641253,기다려지는
너무 재밌어..,여성전용헬스장 진달래짐,759457,기다려지는
꿀잼각인데 ㄷ,여성전용헬스장 진달래짐,759457,기다려지는
1화 댓글창에서 도망옴ㅠ  소재도 참신하고 재밌을 것 같아요,여성전용헬스장 진달래짐,759457,기다려지는
"민지 사이다긴 한데.. 지민이도 그렇고, 아영이도 그렇고 주변에 적을 너무 많이 둬서 오래 살 수는 없을 거 같은 느낌..",데드퀸,753478,사이다인
주인공 당했는데 왤캐 통쾌하냐 ㅋㅋㅋㅋㅋㅋ 저 새낀 돼져야됨,데드퀸,753478,사이다인
종빈이가 발암캐인건 사실이지만 저 상황에서 멘탈나가고 오줌지리는건 지극히 정상일것같아요..,데드퀸,753478,고구마인
종빈이 너무 답답하다.. 한희 남자같다니 뭐니 둘째치고목숨걸린 상황에서 자처해서 수발들고있니 ㅋㅋ,데드퀸,753478,고구마인
"확실히 작가님이 사람심리 표현을 잘한거같다. 원래 극한의 상황에선 본성이 드러나고 서로 다투게 된다. 서로 꼬투리잡고 서로 책임을 묻고, 원래 저런상황에서는 멘붕이 드러나는게 당연하다. 그리고 프롤로그로 봐서 환희가 여왕이 될거같다.(아마 주사 이용)",데드퀸,753478,어두운
진짜 금요일에 이것만 기다렸다,데드퀸,753478,기다려지는
한희 똑부러지네.. 나중에 민영퀸 만나면 한몫 톡톡히 할 듯,데드퀸,753478,똑똑한
감염된 체액을 섞여서 먹여버리네ㄷㄷ저래서 1화에 그 여자애가 그렇게 변이해버린건가,데드퀸,753478,어두운
규삼만화 아니랄까봐 급식물인데 벌써부터 통수가 난무하네 ㅋㅋㅋ,데드퀸,753478,반전인
이번 데드퀸에서 동업을 시작하면 알려준다던 할아브의 본명이 나온다니.....너무나 기대됩니다ㅎㅎㅎㅎ,데드퀸,753478,기다려지는
와 이거 하이브 1기 때 다른 곳 상황 보여주는 건데... 오랜만에 하이브 1기 감성 다시 느끼네. 압도적 공포와 인간의 밑바닥 갬성. 1화 보니까 한희가 변이해서 종빈이 끌고 서울 가던데... 그럼 나머진 다... 결국... 죽는 건가?,데드퀸,753478,어두운
이까지 지르고 별테하는건 뭐냐 재밌기만 하구만,데드퀸,753478,기다려지는
씹사이다 ㅋㅋㅋㅋㅋ,관계의 종말,752803,사이다인
아니 제일 잘못한 문신 돼지를 족쳐야지 왜 사과하고 여친이랑 같이 피하라고 충고까지 한놈을 죽이냐고 ㄹㅇ 주인공 때문에 개 빡침 ,관계의 종말,752803,고구마인
이젠 사이다는 바라지도 않고요.. 다은이만 무사히 보내주세요,관계의 종말,752803,고구마인
작가님 암 걸려서 못 보겠어요...,관계의 종말,752803,고구마인
진짜 너무 슬프다.. 화난다 ,관계의 종말,752803,오열하는
진짜 너무 현실적인 반응이다 저게.. 억울함과 분노의 눈물..,관계의 종말,752803,오열하는
무서운 장면 없는데 개무섭다 진짜..,관계의 종말,752803,어두운
ㅁㅊㅋㅋㅋ 다음컷 넘기기 무섭네진짜ㅋㅋㅋㅋ,관계의 종말,752803,어두운
소름이다 그렇게 괴롭혀놓고 반가운척은 뭐냐 ,관계의 종말,752803,소름돋는
타인은지옥이다 관계의종말 주인공 특징:고집 ㅈㄴ쌤,관계의 종말,752803,어두운
타인은 지옥이다에서도 봤듯이 불친절한사람은 아군일확율이 크다 대신일찍죽는다,관계의 종말,752803,어두운
미리 예고까지 해주는 친절한 살인마였누,관계의 종말,752803,어두운
고기한테 친절할 이유가 없으니까,관계의 종말,752803,어두운
소름끼친다.갓오하가2011년부터현재까지연재중이라니그럼나는28살때부터37세인 지금까지 구독하는거네시간과세월겁나빠르구나,갓 오브 하이스쿨,318995,소름돋는
안경씌우는거 그냥 유미라가 기억이 돌아왔다는걸 보여주기 위한 장치인듯요,갓 오브 하이스쿨,318995,의미심장한
근데 유미라 이미 시력 완전히 잃지 않음? 눈멀었는데 안경쓰는게 무슨의미여 ㅋㅋ,갓 오브 하이스쿨,318995,의미심장한
아 요즘 갓 오 하 존 나 재밌다 ㅋㅋ,갓 오브 하이스쿨,318995,기다려지는
와 요즘 갓오하 ㄹㅇ ㅈㄴ재밌다 ㅋㅋ,갓 오브 하이스쿨,318995,기다려지는
퀄 미쳤네 점점 예전 갓오하 느낌 찾아가는구나,갓 오브 하이스쿨,318995,그림체가 디테일한
"소름 돋아버렸다 ㄷㄷ;;진짜 대전쟁이다 요즘 떡밥회수 싹다하고 스토리 좋아지고 애니화도 반응 엄청좋고,,용제형님 금제풀린듯ㅋㅋㅋ",갓 오브 하이스쿨,318995,소름돋는
사실상 무투파 최강자는 진태진이라는 걸 다시 상기시켜주네. 벨제바브를 상대로 저렇게까지 선전할 수 있었던 놈이 17년을 존버했는데도 못 이겨서 지 생명까지 끌어다 써야 겨우 죽인 거 보면. 6부 기준으로 만약 진태진이 살아있었으면 박무봉은 진짜 진태진 하나 땜에 자기 계획 실행 안될까봐 머리 싸매고 있었을 거 같다ㅋㅋㅋㅋ,갓 오브 하이스쿨,318995,액션물
인정할건 해야됨 요즘 개재밌잖아,갓 오브 하이스쿨,318995,기다려지는
여기서 떡밥하나 풀린거 -> 요괴나 하급 신이 선지자를 먹으면 절대신이 됨. (벨제버불이랑 제천대성이 그랬음.) ,갓 오브 하이스쿨,318995,의미심장한
작가님 ㄹㅇ대단하신게 155화에 라그나로크벽화에흰색머리떡밥 이번화 막컷에 상만덕서있는위치랑 라그나로크흰색머리 선지자위치랑 똑같음 떡밥회수ㄷㄷ,갓 오브 하이스쿨,318995,의미심장한
굳이 액션신없이도 이렇게 몰입되고 재밌으면 된거다 ,갓 오브 하이스쿨,318995,액션물
아ㅋㅋㅋㅋㅋ 무봉이가 무투 하던 애였다는게 왤케 웃기지 ㅋㅋㅋㅋㅋㅋㅋㅋㅋㅋㅋㅋㅋㅋㅋㅋㅋ 그래놓고 진태진 죽인거냐 ㅋㅋㅋㅋㅋㅋㅋㅋㅋㅋㅋㅋㅋㅋㅋㅋㅋㅋㅋㅋ,갓 오브 하이스쿨,318995,액션물
작가소름돋는다 155화에나왔던 갓오하 최고의떡밥라그나로크벽화에 흰색머리 선지자 랑 지금 마지막 장면에상만덕이랑 똑같음;;  ,갓 오브 하이스쿨,318995,소름돋는
"요즘 떡밥 회수되는거 보면 참 아쉬운게 큰 스토리로 보면 소름돋는게 진짜 많은데 자잘한 밸붕,설붕같은게 꽤 있었어서 지금까지 욕먹은게 진짜 아쉽다. 앞으로 나올 애니 성공해서 끝까지 나오면서 이런것들까지 다 보충 해주면 진짜 개명작일텐데 너무 기대하는거려나ㅎㅎ..",갓 오브 하이스쿨,318995,의미심장한
아니 떡밥회수도 안하고 끝내는 웹툰이 얼마나 많은데 회수해 줘도 뭐라고 하는거냐 ㅋㅋ,갓 오브 하이스쿨,318995,의미심장한
와 마지막 더킹이 저말을하니 뭔가소름인데..?,갓 오브 하이스쿨,318995,소름돋는
"작가님은 큰 스토리를 머릿속에서 이미 완성하고 작품을 그리고 있다는 게 요즘 느껴짐. 한화 한화 진행할수록 떡밥들이 톱니바퀴 돌아가듯 맞물려지고 있으니까.사실 이때까지도 스토리적인 부분은 괜찮았다고 생각함. 다만 밸런스나 연출적인 부분에서 미흡했던 건 사실이라 망작이라고 불렸던거 같음.며칠 전부터는 작가님이 구상했던 클라이막스랑 결말로 달려가고 있는, 갓오하의 엔드게임이라고 생각함.작가님 작가님이 5부 후기에서 결말을 보면 이 웹툰 보기 잘했구나라고 생각할만한 웹툰을 그리겠다는 말 기억하고 있습니다. 앞으로 결말까지 응원하겠습니다",갓 오브 하이스쿨,318995,소름돋는
"와 미쳤네 떡밥 다풀리고있다ㄷㄷ 이번화가 이해안되긴해도 앞으로나올 클라이맥스의 시작점이 되는듯 가이아랑 상만진누이, 삼장떡밥 3개가 동시에풀리고있음",갓 오브 하이스쿨,318995,소름돋는
이제 떡밥 다풀리네,갓 오브 하이스쿨,318995,의미심장한
이번화에서 유미라와 함께 할수없을것같은 느낌이 쎄게 왔다.. ,갓 오브 하이스쿨,318995,의미심장한
여래 존나소름이네;; 요즘에 떡밥들 많이 풀려서 좋다,갓 오브 하이스쿨,318995,소름돋는
아니 염력으로 칼쓸거면 칼 손잡이는 왜 만들었냐,갓 오브 하이스쿨,318995,액션물
드디어 unknown 떡밥 풀리나..,갓 오브 하이스쿨,318995,의미심장한
과거 이야기 보고싶다제천대성vs호조사미카엘vs우마왕여래vs제천대성제천대성 형제들과거 천상대전 등등작가님 갓오하 완결나면 쎈놈 외전처럼 갓오하 외전 만들어 주세요ㅠㅠㅠㅠ,갓 오브 하이스쿨,318995,액션물
떡밥이 뿌려진거냐 거둬진거냐,갓 오브 하이스쿨,318995,의미심장한
여래 반전인데?,갓 오브 하이스쿨,318995,반전인
정말 이해가 안되는게 쿄이치랑 사무엘은 라그나로크때 진모리가 싸우는걸 전혀 못봣나? 왜저렇게 적대하는거지? 심지어 쿄이치는 패자부활전때 휘모리를 도와주기도햇고 네피림이랑 싸우기까지햇는데 진모리가 싸우는걸 못봣다는게 말인되는데... 요즘 재밋어지긴햇어도 참 설정오류같은것들은 답이없네요,갓 오브 하이스쿨,318995,액션물
오늘은 쿠키가 먹음직스럽균 예전 갓오하의 그 소름이 느껴진더,갓 오브 하이스쿨,318995,소름돋는
전투씬 말고 다른얘기를 해보자면이번 화에서 나노머신의 발동 촉매가 박무봉의 오른팔이라고 하지만이게 아닐 가능성도 배제할 수 없음.항상 박무봉은 통수치는걸 밥먹듯이 하던 놈임. 나노머신이 단아한에게 들어갔을때박무봉이 단아한을 인질로진모리측을 위협할 수도 있다는 떡밥을 가지고 있다는게 내 생각임.그리고 또 딘이 경악하는듯한 씬이 나오고 딘을 잡고있던 집행위원이 딘을보면서 ? 를 했다는것도딘이 뭔가 다른 행동을 할 수도 있다는 것을 암시하고 있다고 생각함.뭐 다들 추리하던 딘이 가지고있는 용포가 반응했기 때문에 놀랐다고도 생각할 수 있음.,갓 오브 하이스쿨,318995,액션물
이야 3주뒤 개 반전 와..대박 우리 추리 다 꺼져라 이거네,갓 오브 하이스쿨,318995,반전인
단아한이 마지막 일격으로 쏜 공격이 여의때문에 중모리는 아무 이상이 없고 단아한이 여의에 부딛혀 온 파동과 마지막에 쓴 힘으로 인해서 저정도로 쓰러진듯.. 자기땜에 다리다친 아한이 복수하려고 단모리가 나설듯 합니다.,갓 오브 하이스쿨,318995,액션물
액션씬 왜 이리 허접해졌나..스케일은 갈수록 커지는데 액션씬은 반비례한다.,갓 오브 하이스쿨,318995,액션물
시민들 반응보고 소름돋음;,갓 오브 하이스쿨,318995,소름돋는
"3주뒤에 소름안돋으면 롤,오버워치 계정 삭제한다갓오하 역사상 역대급이었다 + 분량",갓 오브 하이스쿨,318995,소름돋는
자꾸 진모라 찾지마 지금도 충분히 재밌고 솔직히 오늘화 정말 재밌었다,갓 오브 하이스쿨,318995,기다려지는
현실에서머리잡고싸우면 개찌질해보이는데 만화라그런지 멋잇쩡,갓 오브 하이스쿨,318995,액션물
태권도는 역시 아름답군요,갓 오브 하이스쿨,318995,액션물
진모리가 죽으면 그놈의 리뉴얼 태권도는 이제 뭐가 되냐....,갓 오브 하이스쿨,318995,액션물
난 이정도퀄이면 괜찮다고생각하는데작가님은 싸움컷 하나하나만드시지만 우리는그냥 훑어보고내리잖음ㅇㅇ,갓 오브 하이스쿨,318995,액션물
업데이트기다린다손~,갓 오브 하이스쿨,318995,기다려지는
역시 진모리 사기캐 ㅋㅋㅋㅋ,갓 오브 하이스쿨,318995,먼치킨인
꺄악! 표지 해태랑 대위 귀요미!! 글구 진모리 존잘!,갓 오브 하이스쿨,318995,잘생긴
끼야악 표지 해태 넘 기요미이,갓 오브 하이스쿨,318995,그림체가 귀여운
해태 은근 귀엽다,갓 오브 하이스쿨,318995,그림체가 귀여운
작가님ㅋㅋㅋㅋ완전웃기심ㅋㅋ센슼ㅋㅋㅋ조석인줄ㅎㅋㅋ,갓 오브 하이스쿨,318995,빵터지는
아...지젼..일표가 너무 잘생겼어...,갓 오브 하이스쿨,318995,잘생긴
일표중2때는외모가눈에뛰는아이였네...♥,갓 오브 하이스쿨,318995,잘생긴
일표 아 존잘이다,갓 오브 하이스쿨,318995,잘생긴
일표잘생겻다,갓 오브 하이스쿨,318995,잘생긴
일표 진짜 개 잘생김ㅜㅜㅜㅠㅠㅠㅠ큐ㅠㅠㅠㅠㅠ,갓 오브 하이스쿨,318995,잘생긴
만화에서는 꼭 싸음 기술을 말하면서 싸운다,갓 오브 하이스쿨,318995,액션물
그냥태권도로 손쓰면 개아픔,갓 오브 하이스쿨,318995,액션물
미친 소원으로다리고쳐지면 지역대회때 레슬링하던 애는....,갓 오브 하이스쿨,318995,액션물
주곡이 아깝다..잘생겼는데,갓 오브 하이스쿨,318995,잘생긴
진모리 존잘,갓 오브 하이스쿨,318995,잘생긴
요즘 청소년 일진들 특 : 언더아머 + 클러치 + 쪼리 + 붙는바지여자들은 레깅스 ㄹㅇ,프리드로우,597447,학원물
저 광천중학교 구상민 나온 중학교 아니냐 ㅋㅋㅋㅋㅋㅋ,프리드로우,597447,학원물
저게 시그마랑 로그라는 것이냐?,프리드로우,597447,학원물
"로그대수(對數)라고도 한다. a가 1이 아닌 양수일 때, x,y 사이에 x＝ay의 관계가 있으면, y를 a를 밑으로 하는 x의 로그라 하고, logax로 나타낸다. 이때 x를 y의 진수라 한다. 또 y＝logax를 x,y 사이의 함수관계로 볼 때 y를 x의 로그함수라고 한다.시그마대문자는 Σ, 소문자는 σ 또는 ς로 표기한다. σ ·∑ ·σ전자 ·σ함수 ·σ값 ·σ복합체 ·∑입자 등 이공학(理工學) 방면에서 기호로 많이 쓰인다. 특히, 같은 종류의 수치 합계를 나타내는 기호로 알려져 있다. 예컨대 a1＋a2＋a3 …=∑a와 같이 쓴다.출처 지식백과",프리드로우,597447,학원물
나 파주여고 2학년7반 신혜진데강소연 니가 내 체육복이랑 안에있던 지갑 같이잃어버려놓고팔만원 물어달라한건데 다시 내놔라하네 ㅋㅋㅋ 머리나 좀 제발 감아라 ㅠ,프리드로우,597447,학원물
재원고등학교 2학년 이태성 프리드로우 보는거 다 안다 나랑 사귀자,프리드로우,597447,학원물
마지막장면 소름..ㄹㅇ,프리드로우,597447,소름돋는
쿠키 가아깝지 안다 랄까,프리드로우,597447,기다려지는
강유정 베뎃님 그렇게 말하면 민지가 학교 부신거임,프리드로우,597447,학원물
개싸이코같은새.........ㄲ ;; 염산테러 실화냐? 개소름이넹,프리드로우,597447,소름돋는
여러분들은 이 만화가 고등학생의 평범한 꿈을 쫓는 이야기라는걸 잊지 않으셔야 합니다.,프리드로우,597447,학원물
첫 컷 부터 사이다~,프리드로우,597447,사이다인
민지 개사이다,프리드로우,597447,사이다인
민지는 사이다캐릭터네 ㅋㅋㅋㅋㅋㅋㅋㅋㅋㅋㅋㅋㅋㅋㅋㅋㅋㅋㅋㅋㅋㅋㅋ아오 시원해ㅋㅋㅋㅋㅋㅋㅋㅋ근데 말리지 않았으면 더 좋았을듯 저딴 X은 남자든 여자든 패줘야됔ㅋㅋㅋㅋ,프리드로우,597447,사이다인
민지 개사이다,프리드로우,597447,사이다인
작가님 민지 너무 사이다로 만드신거아닌가요??너무좋내여,프리드로우,597447,사이다인
ㅋㅋㅋㅋㅋㅋㅋㅋㅋㅋㅋㅋ 민지 개사이다,프리드로우,597447,사이다인
민지 사이다!!,프리드로우,597447,사이다인
어우 민지 개사이다,프리드로우,597447,사이다인
사이다♥♥,프리드로우,597447,사이다인
사이다 👍,프리드로우,597447,사이다인
프리드로우 요즘 안그러더니 너무 일진미화 느낌이 강하다 후배한테 전화해서 저렇게 다 집랍시키고 자기 유에스비 하나때문에 버스 전복에 고등학생이 바이크타고 자랑아닙니다 부러워하지말고 멋지다고 생각하지 마세요,프리드로우,597447,학원물
아니 현아영 진짜 발암임ㅇㅇ,프리드로우,597447,고구마인
안찝찝하고 좋았는데 배댓보고 찝찝해졌잖아,프리드로우,597447,의미심장한
신입부원 찝찝함,프리드로우,597447,의미심장한
민지 개사이다 ㅋㅋㅋㅋㅋㅋㅋㅋㅋㅋㅋㅋㅋㅋㅋㅋ,프리드로우,597447,사이다인
아 태성아 왤캐 답답해졌냐ㅡㅡㅡ 고구마 다됫네 한태성,프리드로우,597447,고구마인
와 개사이다,프리드로우,597447,사이다인
사이다 고백 ㅋㅋ,프리드로우,597447,사이다인
태성이 씨익 할 때 개 심쿵,프리드로우,597447,설레는
설렌다..,프리드로우,597447,설레는
점점 만화가 대놓고 일진미화가 되어 가는 듯 ,프리드로우,597447,학원물
태성이 잘생겼다는거 새삼 다시느낌ㅋㅋ,프리드로우,597447,잘생긴
구하린 개사이다 ㄷㄷㄷㄷ;;,프리드로우,597447,사이다인
똥까 존나 속시원하네 사이다!!캬,프리드로우,597447,사이다인
칠성사이다,프리드로우,597447,사이다인
만화이긴한데 왜케 화나는거지?,프리드로우,597447,고구마인
아직도기다리는사람손~,프리드로우,597447,기다려지는
운봉공고는 중학교일짱도 빵셔틀이 되는 학교입니다,프리드로우,597447,학원물
수인호랑이 그래도 아이 해칠생각 없이 빠르 도와주다가 이렇게 가버리네... 너무 안타깝다,호랑이형님,650305,판타지물
아린은 초월적 존재로 언급되는걸 보면이령을 따위로 부르는 무팽의 언급상아린이 세계관 최강자가 맞을거 같네요,호랑이형님,650305,판타지물
진짜 떡밥은 아린이 부활해도 그게 아린이 아닐수도 있단거 아닌가???찐 보스가 아린일수도 있을거 같은데,호랑이형님,650305,의미심장한
무슨 가우리 액션신이 이래 멋있어?,호랑이형님,650305,액션물
근데 진짜 손발이들이 일을 잘하네ㅋㅋ첩자들이 봉화대에서 그렇게 격렬하게 싸우고 피흘렸는데 무이치랑 진 옷조각하나 못 발견한거 보면,호랑이형님,650305,빵터지는
저번화에서 산군보고 너무 흥분되서 11시 땡하자마자 기다린사람,호랑이형님,650305,기다려지는
산군과 똑같은 쌍둥이 악역 캐릭터 빠르아린과 똑같은 쌍둥이 악역 캐릭터 이령추후 같은 팀을 꾸릴 것 같은 느낌적 느낌,호랑이형님,650305,판타지물
ㅋㅋ 우는거보고 ㅈㄴ 빵터졋네,호랑이형님,650305,빵터지는
ㅋㅋㅋㅋㅋㅋ우는거 리얼하게 잘그림,호랑이형님,650305,그림체가 디테일한
아 진짜 너무 재밌다 호형은.. 미쳤어요 작가님!!!!!!!!,호랑이형님,650305,기다려지는
난 이 이야기가 나중에 어떤 떡밥이 될지 기대되면서 재미있구먼,호랑이형님,650305,의미심장한
그 많던 쿠키를 다썼다호형만 결재해서 보는데 ㅋ,호랑이형님,650305,기다려지는
일주일 기다리고 20초만에 봤다,호랑이형님,650305,기다려지는
신의탑 미리보기 호형 미리보기 다 하는 사람으로서 전개속도에 대한 불만은 느껴지지 않았고 오히려 많은 분량에 감사하는데.. 월요일에 신의탑 미리보기에 전개속도 문제가 댓글에 수두룩하고 오늘 호형도 그러네.. 근데 많은 사람들이 보는 무료화 시점에서 그런반응 다 사라지더라.. 이거만봐도 알수있지않나?,호랑이형님,650305,판타지물
떡밥 던지고 회수는 안하는 어떤 웹툰하고는 크라스가 다르다,호랑이형님,650305,의미심장한
다음화에 추이가 시를 상대로 얼마나 강한지 나온다면 이령과 추이의 힘의 차이를 알수있겟내요 ㅋㅋ 기대됩니다  ,호랑이형님,650305,기다려지는
다음화 삽니다 제발 ㅠㅠ,호랑이형님,650305,기다려지는
갓추이님 타이지 초월 확정,호랑이형님,650305,판타지물
참고타이지 계급인 추이는 이령과 같은 버일러를 때려잡기 위해 만들어진 수인화 무커와도 밀리긴 했지만 어느정도 공방을 이뤘던 전적이 있다.수인화 무커>버일러(이령)>>>>이령의 시임을 감안해볼 때 다음화에 또 죽을 시를 위해 잠시 묵념하도록 하자,호랑이형님,650305,판타지물
쿠키를 멈출 수가 없다...,호랑이형님,650305,기다려지는
작가님은 얼마나 큰그림을 그리고계실까? 웹툰이 아닌 책으로 나와도 소장하고싶다ㅠ 매주매주 기다리느라 힘듬 ㅠ,호랑이형님,650305,기다려지는
오늘 진짜 개뿜었닼ㅋㅋㅋㅋㅋㅋㅋㅋㅋㅋ 감사해요 작가님ㅋㅋㅋㅋㅋㅋㅋ,호랑이형님,650305,빵터지는
크 레알 핵폭탄잼,호랑이형님,650305,기다려지는
너무 좋아요 이 웹툰은!,호랑이형님,650305,기다려지는
빠르가 머리좋은게 가우리 누군지 모르는척해서 인질을 못잡게하네,호랑이형님,650305,똑똑한
ㅋㅋㅋㅋ머리어디갔어 에서 개뿜었다 ㅋㅋㅋㅋㅋ,호랑이형님,650305,빵터지는
솔직히 네이버 웹툰중에서는 호형이 탑이다 퀄리티며 스토리며 어디하나 빠질것 없는 최고의웹툰이다,호랑이형님,650305,그림체가 디테일한
산군 빡쳤다!,호랑이형님,650305,판타지물
물 : 수인화 무거불 : 추이바람 : 산군.. 산군한테 잠재워져 있던 바람의 힘이 비라의 죽음으로 극대화될 거 같습니다.,호랑이형님,650305,판타지물
호랑이 주제에 너무 잘생겼네,호랑이형님,650305,잘생긴
염줄이 드디어 끊어졌다!!!!!!!!! 변신!!!!!!!!!!!!!!!!!!!!!!!!!!!!!!!!!!!!!!!,호랑이형님,650305,판타지물
제목보자마자 어떻게 망하실까 두근거리면서 쿠키구움,모죠의 일지,728015,기다려지는
개웃겨 애가 5살 수치 높은 거 자식 때문에 강제로 알게 돼서 그런 거냐고,모죠의 일지,728015,빵터지는
아니 대사가 그냥 너무 웃겨요ㅋㅋㅋㅋㅋㅋㅋㅋㅋㅋㅋㅋㅋㅋㅋㅋㅋㅋㅋㅋㅋㅋ,모죠의 일지,728015,빵터지는
개웃겨 ㅋㅋㅋㅋㅋㅋㅋㅋㅋㅋㅋㅋㅋㅋㅋㅋㅋㅋㅋㅋㅋㅋㅋ자까님 제 친구세요??,모죠의 일지,728015,빵터지는
아개웃곀ㅋㅋㅋㅋㅋㅋ,모죠의 일지,728015,빵터지는
아미친ㅋㅋㅋㅋㅋㅋㅋㅋㅋ이컷보고개뿜었네ㅋㅋㅋㅋㅋㅋ,모죠의 일지,728015,빵터지는
ㅋㅋㅋㅋㅋㅋㅋㅋㅋㅋㅋㅋㅋㅋㅋㅋㅋㅋㅋㅋㅋㅋㅋㅋㅋㅋㅋㅋㅋㅋㅋㅋㅋㅋㅋㅋㅋㅋㅋㅋㅋㅋㅋㅋㅋㅋㅋㅋㅋㅋㅋㅋㅋㅋㅋㅋㅋㅋㅋㅋㅋㅋㅋㅋㅋㅋㅋㅋㅋㅋㅋㅋㅋㅋㅋㅋㅋㅋㅋㅋㅋㅋㅋㅋㅋㅋㅋㅋㅋㅋㅋㅋㅋㅋㅋㅋㅋㅋㅋㅋㅋㅋㅋㅋㅋㅋㅋㅋㅋㅋㅋㅋㅋㅋㅋㅋㅋㅋㅋㅋㅋㅋㅋㅋㅋㅋㅋㅋㅋㅋㅋㅋㅋㅋㅋㅋㅋㅋㅋㅋㅋㅋㅋㅋㅋㅋㅋㅋㅋㅋㅋㅋㅋㅋㅋㅋㅋㅋㅋㅋㅋㅋㅋㅋㅋㅋㅋㅋㅋㅋㅋㅋㅋㅋㅋㅋㅋㅋㅋㅋㅋㅋㅋㅋㅋㅋㅋㅋㅋㅋㅋㅋㅋㅋㅋㅋㅋㅋㅋㅋㅋㅋㅋㅋㅋㅋㅋㅋㅋㅋㅋㅋㅋㅋㅋㅋㅋㅋㅋㅋㅋㅋㅋㅋㅋㅋㅋㅋㅋㅋㅋㅋㅋㅋㅋㅋㅋㅋㅋㅋㅋㅋㅋㅋㅋㅋㅋㅋㅋㅋㅋㅋㅋㅋㅋㅋㅋㅋㅋㅋㅋㅋㅋㅋㅋㅋㅋㅋㅋㅋㅋㅋㅋㅋㅋㅋㅋㅋㅋㅋㅋㅋㅋㅋㅋㅋㅋㅋㅋㅋㅋㅋㅋㅋㅋㅋㅋㅋㅋㅋㅋㅋㅋㅋㅋㅋㅋㅋㅋㅋㅋㅋㅋㅋㅋㅋㅋㅋㅋㅋㅋㅋㅋㅋㅋㅋㅋㅋㅋㅋㅋㅋㅋㅋㅋㅋㅋㅋㅋㅋㅋㅋㅋㅋㅋㅋㅋㅋㅋㅋㅋㅋㅋㅋㅋㅋㅋㅋㅋㅋㅋㅋㅋㅋㅋㅋㅋㅋㅋㅋㅋㅋㅋㅋㅋㅋㅋㅋㅋㅋㅋㅋㅋㅋㅋㅋㅋㅋㅋㅋㅋㅋㅋㅋㅋㅋㅋㅋㅋㅋㅋㅋㅋㅋㅋㅋ,모죠의 일지,728015,빵터지는
냄비찡손잡이까지 귀여움이 세배❤️❤️,모죠의 일지,728015,그림체가 귀여운
오민호 전여친이 조금 억지인 방법을 쓴다는건 나중에 크게 ㅈ되서 사이다 나온다는거다. 작가님 진짜 기대할게요,취사병 전설이 되다,727188,기다려지는
소름...저 선배라는사람 싸이코아니야,취사병 전설이 되다,727188,소름돋는
작가님 작화 진찌 미ㅣ쳤여ㅠㅠㅠㅠㅠㅠ 완전 잘그려 장난 아니다ㅠㅠㅠㅠㅠ,힙한남자,758619,그림체가 디테일한
중간에 전화벨인척 방구 누구냐ㅋㅋㅋㅋㅋㅋ뿜었네ㅋㅋㅋㅋ작가님 사랑해요ㅠㅠ,힙한남자,758619,빵터지는
ㅋㅋㄱㅋㅋㅋ엉ㅇ덩이ㅋㅋㅋㅋㄱㅋㅋ때문에 쿠키쓴적은ㅋㅋㅋ첨이네,힙한남자,758619,기다려지는
진짜 너무 재밌다 ㅋㅋㅋㅋㅋ,힙한남자,758619,기다려지는
뭐야... 공주영 안경쓴거 개 잘생겻네,연애혁명,570503,잘생긴
연애혁명 재밌다 👍,연애혁명,570503,기다려지는
최한별:(잘생겼다..)이경우:(잘생겼다..),연애혁명,570503,잘생긴
ㅋㅋㅋ 뱅후니 사이다 ㅋㅋㅋ ㅋ 줠라웃기네,연애혁명,570503,사이다인
와씨 자림이 존나 설레 ...,연애혁명,570503,설레는
아람이 사이다 크...,연애혁명,570503,사이다인
아 다음화 아람이 개사이다 ㄷ ㄷ 제발 민지 정신차렸으면 ㅠㅠ 오늘화 보면서 상훈이 진심 다시 한번 느꼈다..,연애혁명,570503,사이다인
아람이 존멋 사이다 그자체,연애혁명,570503,사이다인
와.. 10대연애물에서 이런내용을볼줄이얔ㅋㅋㅋㅋㅋㅋㅋㅋㅋㅋㅋㅋㅋㅋㅋ....근데진짜 요즘학교성교육에가장필요한내용인듯,연애혁명,570503,학원물
진짜 연혁 볼때마다 그림체도 좋고 스토리도 좋아요!! 제 꿈이 웹툰작가인데 232작가님 작품 보고 존경합니다 진짜.. 어떻게 그렇게 웹툰을 잘그리고 스토리도 잘 짜시는 건가요? 232 작가님 덕분에 목요일이 기다려지고 있습니다! 감사합니다!,연애혁명,570503,그림체가 디테일한
경우야 사이다가 필요해ㅜㅜㅜㅜㅠㅠ,연애혁명,570503,고구마인
경우형님 그냥 한번 시원하게 사이다 터트러 주이소,연애혁명,570503,고구마인
곽보경 말투 씹소름이네;ㅋ,연애혁명,570503,소름돋는
별점 왜이래..학교폭력 되게 잘 다뤘다고 생각하는데,연애혁명,570503,학원물
스토리상 쟤가 나쁜놈일것같긴한데 잘생겼어 짜증나게,연애혁명,570503,잘생긴
아 미치겠넺 진짜ㅋㅋㄲㅋㅋㅋㅋㅋㅋ,독립일기,748105,빵터지는
관장님 나 이쪽 귀가 안들려요....,더 복서,736989,액션물
저도 처음 복싱에 발을딛이고 프로 첫 데뷔치를때 관객도없었는데 하루종일 화장실에서 덜덜 거렸던기억나네요 ㅎㅎ3전2승1패하고복싱과는 전혀 다른 인생을 살고있지만복싱은 저에게 있어서 한때 전부였고저 자신이였습니다..치고박는 야만적인게아니라 뭐라할까 ㅋㅋ두들겨 맞고 때리고나면 뭔가 말로 형용불가한엔돌핀같은게 돌기도했고 ㅎㅎ만화보면서 정말 추억들이 생각이 많이납니다작가님 화이팅❤️,더 복서,736989,액션물
ufc에 로비라울러 라는 전 웰터급 챔피언이 있었습니다챔피언 당시에 10패였었죠두 자리수 패배를 가진 챔피언은 그때 낯설었고 그 만큼 많은 패배를 한 선수도 없었지만 당당히 세계급 챔피언 자리에 올랐습니다패배를 하더라도 멘탈이 버텨줘서 가능한거였죠천재형 파이터들은 연패를 하면 은퇴 생각을 하기 마련입니다인재는 이 선수처럼 패배를 많이 하더라도 근성과 멘탈로 똘똘 뭉쳐진 범재가 되길 바랍니다,더 복서,736989,액션물
확실해졌네 떡밥으로 보면 유는 인간의수준을 넘었고과거 저 노란머리도 인간의수준이 아니었고인재가 저 노란머리랑 닮음  그말은즉슨 인재가 최종성장시  인간의수준을 넘을거고마지막화에  인재vs유 확정이네,더 복서,736989,의미심장한
k의 꿈: 모든 복서들의 우상 깨부시기이거인듯,더 복서,736989,액션물
진짜 존나재밌다,더 복서,736989,기다려지는
복싱을 그만두기잔까지 한대도 맞지마라<< 너무 멋있다진짜 그럴거같아서 더소름,더 복서,736989,액션물
와 진짜 거짓말아니라 읽으면서 분량얼마나 남았는지 계속 확인하면서 읽었다;; 겁나 재밌어서,더 복서,736989,기다려지는
쿠키 오지게 박습니다,더 복서,736989,기다려지는
분량이 아쉬워도 다음주에도 쿠키 구울거지롱,더 복서,736989,기다려지는
분량이 적은것이 아니다재밌어서 너무 빨리 봤다;,더 복서,736989,기다려지는
미리보기 마지막화 까지 내주면 안되나요..??,더 복서,736989,기다려지는
진짜 재미있다 이런걸 바로 발견한 나를 한대 치고 싶다 한1년정도 뒤에 발견하지 ,더 복서,736989,기다려지는
아 재밌는데 짧게 느껴진다...주 2회 연재 무릴까요? ㅠㅠ,더 복서,736989,기다려지는
이 웹툰 기다리느라 하루하루가 괴롭다,더 복서,736989,기다려지는
진짜 가둬놓고 이거만 그리게 하고싶다,더 복서,736989,기다려지는
먼치킨주인공 + 재능충주인공 + 노력하는주인공 = 개꿀잼,더 복서,736989,먼치킨인
연출 미쳣다... 복싱만화의 탑이될듯...,더 복서,736989,액션물
저거 귀신 너무 봐서 정신 이상해져서 수면 자살한 거 아니냐 ㅋㅋㅋㅋ 동생이 죽인 거 아니고,기기괴괴,557672,어두운
저주받은 갤러리 주인공들 아녀? ㅋㅋㅋㅋㅋㅋ,기기괴괴,557672,어두운
귀신무섭다고 왜 아무도 말 안해줘요 .. ?,기기괴괴,557672,어두운
절벽귘ㅋㅋ,기기괴괴,557672,어두운
기기괴괴한 이야기를 그리는거지 무섭고 섬뜩한 이야기를 그리는게 아니잖냐니들도 생각을 해봐 저 아이디어 사람머리 링거 같은게 쉽게 나오냐 좀 자기가 원하는 내용 아니라고 태세변환좀 하지마라,기기괴괴,557672,어두운
이게 바로 기기괴괴의 매력인거다,기기괴괴,557672,어두운
기기괴괴 자체가 무섭다기 보단 기괴한 내용을 다루는 웹툰 아닌가요 ㅇㅂㅇ 그럼 문제 될 거 하나도 없는 것 같은뎅,기기괴괴,557672,어두운
괜찮았는데 별점왜이럼... 기기괴괴가 이런거지,기기괴괴,557672,어두운
생각만해도 개무섭네 ㅜㅜㅜㅜ,기기괴괴,557672,어두운
기기괴괴가 꼭 무서운 것만 다루는 것도 아니고 말그대로 괴기스러운걸 다루는 건데..보기 좀 그렇네요ㅠ,기기괴괴,557672,어두운
여태껏 기기괴괴 봣던거중에 제일 재밋고 무서웟다 진짜 개소름ㄷㄷ,기기괴괴,557672,소름돋는
극혐이라생각한사람 손,기기괴괴,557672,어두운
정우경 쏘스윗💕💕💕,소녀의 세계,654774,설레는
와ㅜㅜㅜ 우경이 전번 안 바꾼거 진짜 스윗하다ㅜㅜㅜ 미래랑 잘 됐으면ㅜㅠ작가님 푹 쉬고 돌아오세요!!,소녀의 세계,654774,설레는
우와 고구마 10000개 쳐먹다 사이다 원샷한기분,소녀의 세계,654774,사이다인
선지 너무 짠하다 해명해도 소용없을거 아니까 해명 안한듯,소녀의 세계,654774,오열하는
그 와중에 영은이 롱헤어 버전 예쁘다 ㄷㄷㄷㄷㄷ,소녀의 세계,654774,잘생긴
선지개귀엽다,소녀의 세계,654774,힐링되는
아낰ㅋㅋㅋㅋㅋㅋ너구리 데리고 올 줄 몰랐다 손,소녀의 세계,654774,빵터지는
선지 너무 순수하고 귀엽다 ㅠㅠㅠㅠㅠㅠㅠㅠ ❤️❤️❤️❤️❤️,소녀의 세계,654774,힐링되는
아 이제 기분좋게 자러갑니다,소녀의 세계,654774,사이다인
고오맙다에서 뿜었닼ㅋㅋㅋㅋㅋㅋㅋ,소녀의 세계,654774,빵터지는
와우 나리가 의문에 1승을 날렸어요,소녀의 세계,654774,사이다인
존나시원하군,소녀의 세계,654774,사이다인
꼬숩다 자업자득임,소녀의 세계,654774,사이다인
오늘 평범한8반 부터해서 존나 속쉬원하네 후..,소녀의 세계,654774,사이다인
나리 사이다,소녀의 세계,654774,사이다인
저거 고등학생들만 저러는거 아님 초딩들도 저럼 그리고 이게 대한민국  학교 현실임,소녀의 세계,654774,학원물
선지 개 사이다,소녀의 세계,654774,사이다인
이 오빠 뭔가 수상해!!!,소녀의 세계,654774,의미심장한
스케치북사줄테니까 거기다 하라니 너무 자존심긁는것같아 안쓰럽다...,소녀의 세계,654774,오열하는
나리 진짜 착함 이런친구 정말 드물다..,소녀의 세계,654774,힐링되는
와 여주 진심착하다..혼자인애랑 같이있어주고,소녀의 세계,654774,힐링되는
아이고 작가님ㅋㅋㅋ이제야 오시네ㅋㅋ,소녀의 세계,654774,기다려지는
김문성이 폭주족 양아치였다는게 성태훈이 예전에는 더 양아치였단 사실보다 충격적임ㅋㅋㅋㅋㅋㅋㅋㅋㅋㅋ ,싸움독학,736277,기다려지는
아 근데 진짜 성태훈 졸라잘생겼다...,싸움독학,736277,잘생긴
지금 보다 더 쓰레기였던 전개는 상상도 못했다ㅋㅋ,싸움독학,736277,기다려지는
옆에 있는 친구를 쳐 때리면서 500원 500원 거리는게 갱생된거면 도데체 그 전에는 얼마나 양아치였던거냐,싸움독학,736277,학원물
근데 나만 이와중에 성태훈 흑발 보고 난리친건가..?,싸움독학,736277,잘생긴
"아니 근데 태훈이 지면 ㄹㅇ 벨붕이야,...",싸움독학,736277,먼치킨인
성태훈이 지는게 말이안됨 아마추어선수도 아니고 프로 격투기 선수출신인데 솔직히 지금 나온 인물들 중에서 로건그레이시 김문성빼고는 최강자 급이어야 설정에 맞음,싸움독학,736277,먼치킨인
아 진짜 미친거 아냐...? 성태훈 그림자조차 잘생겼네....,싸움독학,736277,잘생긴
"만기가 세계관 최강자인 이유: 모든 만화 최강자의 3대 진미 대머리,노인,실눈 중 대머리와 실눈을 동시에 가지고 있음",싸움독학,736277,먼치킨인
호빈아 미안하지만 이번엔 니가 질것같다,싸움독학,736277,먼치킨인
와 진짜 오늘 쿠키 안아까움 너무 재밌음 ,싸움독학,736277,기다려지는
일요웹툰 1위 중 요소1. 성태훈 외모2. 성태훈 외모3. 성태훈 외모외모지상주의 여기 있었네...,싸움독학,736277,잘생긴
태훈이는 나름 편하게 호빈이 대하는데 호빈이는 태훈이 여전히 무서워 하는듯. 진짜 태훈이 혼자서 호빈이랑 찐우정이라고 생각하는 거 아니냐고 ㅋㅋㅋㅋㅋㅋ,싸움독학,736277,학원물
성태훈첫인상은 걍 일진이었는디 지금은 졸라 멋있네,싸움독학,736277,기다려지는
유호빈 개쎈거 아님? 저 체급에 독학으로 몇달만에 프로들이랑 다이까거나 이겨버릴때도 있고 재능충이네ㅋㅋ,싸움독학,736277,액션물
ㄹㅇ 세계관 최강자들의 싸움이다;; 빨리 다음화 보고싶어서 못참겠다,싸움독학,736277,액션물
근데 성태훈이 이길수밖에 없는 이유가 성ㅌ9훈은 ㅌ9권도를 베이스로한 MMA프로고 이현수는 키복싱 아마추어 선수임 프로랑 아마추어 차이는 엄청남,싸움독학,736277,액션물
근데 유호빈이 아직 쌈닭 기술 다 쓴 것도 아니고 장소 저기로 잡은 이유 안 나와서 성태훈 혼자 끝내진 않을듯. 성태훈이 개패다가 카운터 한방 씨게 먹고 넉다운 됐을 때 유호빈이 막타칠 삘임,싸움독학,736277,액션물
작가님 이렇게 정성들여 여자 캐릭터들을 예쁘게 그려주시면 저희가 좋아할거같죠정말 크나큰 오예입니다,싸움독학,736277,그림체가 디테일한
"???: 성태훈은 강했지 강해도 너무 강했지         너무 강해서 태권도를 가르쳤다.         그 날 이상처는 태권도로 낸게 아니야         놈은 태생이 짐승          태권도가 어울리는 놈이 아니다         짐승에게 목줄이 필요하듯 놈에게 못줄은 태권도였던 것뿐            태권도는 그래, 성태훈을 제어하는 목줄         목줄이 풀린 야성의 그놈은         아주 잠시였지만 날 압도했다!!           ",싸움독학,736277,먼치킨인
성태훈도 나중에 동료된다고 봄프로시절 모습 보면 눈이 선했던게 진짜 사정 생겨서 흑화된듯,싸움독학,736277,기다려지는
저런거 독학해서 실전에 써먹을정도면 재능충 아님?,싸움독학,736277,먼치킨인
성태훈이 아무리 강해도 버스는 못이기겠지,싸움독학,736277,먼치킨인
내가보기엔 카프킥 ㅈㄴ 때렸잖아다리 통증땜에 발차기를 못하는상황에서 태클한번더 걸거같음,싸움독학,736277,액션물
주인공 은근히 머리좋은데? 그동안 왜 찐따를 당하고 있었지?,싸움독학,736277,똑똑한
문성이랑 태훈이랑 싸우는거 궁금하다,싸움독학,736277,액션물
와 근데 진짜 여캐 예쁘게 그리신다....,싸움독학,736277,그림체가 디테일한
아니 작가님 작화 요즘 너무 물 오르신 거 아닙니까? 약간 주접 좀 떨자면 현 웹툰들 중에서 다섯 손가락 안에 드는 것 같슴다,싸움독학,736277,그림체가 디테일한
레알로 내 인생 웹툰임...,싸움독학,736277,기다려지는
또일주일어째기다리냐,싸움독학,736277,기다려지는
나는 내 쿠키를 갈가리 찢어보기로 했다.,싸움독학,736277,기다려지는
근데 박태준 작가는 뭐하는 사람일까...진짜 연재하는 웹툰마다 그 날 최상위권이네  ㄹㅇ 솔직히 작가 욕은 해도 재밌는건 사실임,싸움독학,736277,기다려지는
와 ㅋㅋㅋㅋㅋ 진짜 외지주랑 김김진진우우도 재밌는데 이게 ㄹㅇ 존나재밌다 ㅋㅋㅋㅋ 미쳤다진짜,싸움독학,736277,빵터지는
베댓 인생존망이라고 안하고 김김진진우우라고 하는거 개웃기넼ㅋㅋㅋㅋㅋ,싸움독학,736277,빵터지는
쿠키 얼마든 줄게 제발 다음 화...ㅠ,싸움독학,736277,기다려지는
요즘 제일 재밌능게 낼하는 인생존망이랑 이거임 ㅋㅋㅋㅋ 근데 이 웹툰은 분량도 진짜 만 ㅡㅡ 족 그래서 또 쿠키구움ㅋ,싸움독학,736277,기다려지는
아 진짜 그림 너무 잘 그리셔서 눈이 너무 즐거움 ㅠㅠㅠㅠㅠㅠ만화는 이 맛에 보는 거지 진짜 ㅠㅠㅠ 손목에 무리 안 가게 건강 관리 잘 하세요 작가님!!!,싸움독학,736277,그림체가 디테일한
작가님 너무 잘그리신당......쿠키 50개 미리 구워놨어요....더 그려주세요!!!,싸움독학,736277,기다려지는
이거 근데 일진미화물이 아니라 찐따성장물 아니냐 ㅋㅋㅋㅋㅋ,싸움독학,736277,학원물
근데 학원물 중에서 이렇게 신선한 스토리전개는 ㄹㅇ 처음임겁나 맘에들어,싸움독학,736277,학원물
100점을 줘도 안 아까운 조합이네...존잼 스토리에 최고 실력의 작화가,싸움독학,736277,그림체가 디테일한
미쳤다 이 웹툰은 ㅋㅋㅋ ㅋ,싸움독학,736277,기다려지는
박태준 작가님 이번에 작정 하신 건가 진짜 스토리만큼은 ㄷㄷ...게다가 그림까지 받쳐주시니..,싸움독학,736277,그림체가 디테일한
와 겁나재밌다 박태준작가님의 아이디어랑 김정현작가님 그림합치니까 사기구먼,싸움독학,736277,그림체가 디테일한
역시 웹툰은 그림이 좋아야볼 맛이 납니다,싸움독학,736277,그림체가 디테일한
ㅋㅋㅋㅋㅋ 와진짜 파도작가님 싸우는 그림체 오지네요 ㅋㅋ싸움신도 이렇게 잘그리시는줄 몰랐어요 ㄷㄷ,싸움독학,736277,그림체가 디테일한
그림체 지리고 꽤 재밌다ㅋㅋㅋ 솔직히 ㅇㅈ하자,싸움독학,736277,기다려지는
키야 진심 개꿀잼이네ㅋㅋㅋㅋㅋㅋㅋㅋㅋㅋㅋㅋ박태준 작가 일진물하나는 기가막히게 그리노 작화도 ㅆㅅㅌㅊ네,싸움독학,736277,그림체가 디테일한
아 미치겠넺 진짜ㅋㅋㄲㅋㅋㅋㅋㅋㅋ,독립일기,748105,빵터지는
와이파이 ㅅㅂㅋㅋㅋㅋㅋㅋㅋㅋㅋㅋㅋㅋㅋㅋㅋㅋㅋㅋㅋㅋㅋㅋㅋㅋㅋㅋㅋ,독립일기,748105,빵터지는
아이도망치려는거봐귀엽...,독립일기,748105,힐링되는
헐 귀여워ㅠㅠㅠㅠㅠㅠㅠㅠㅠㅠ,독립일기,748105,힐링되는
바보개 귀여워 ㅠㅠ,독립일기,748105,힐링되는
ㅜㅠ귀여우셔라내가 해준 음식을 저렇게 신나서 먹으면 누구나 기분 좋아질 듯,독립일기,748105,힐링되는
강아지 옷 졸라 비싼데.. 근데 입히면 짱 귀여워서 살 수 밖에 없음 ㅋㅋ,독립일기,748105,힐링되는
긴거요? 참기름이 제일 길죠 참 기름(길음) 깔깔깔깔깔깔깔깔깔깔깔깔깔깔깔깔깔깔깔깔깔깔깔깔깔깔깔깔깔깔깔깔깔깔깔깔,독립일기,748105,빵터지는
작가님 웹툰은 이게좋음ㅋㅋㅋㅋㅋㅋㄴㅋㅋㄴㅋ 존나 현실적,독립일기,748105,빵터지는
아버님 너무 귀여움ㅋㅋ,독립일기,748105,힐링되는
아니 ㅋㄱㅋㄱㅋㄱㅋㄱㅋㅋㄱㅋㄱㅋㅋㄱㅋㄱㅋㅋ 작가님 ㅋㄱㅋㄱㅋㄱㅋㄱㅋㄱㅋㄱㅋㄱㅋㄱㅋㄱㅋㄱㅋㄱㅋㄱㄱㅋㄱㅋㄱㅋㄱㅋㄱㅋㅋㅋㄷㅋㅋㄷㅋㄷㅋㅋㅋㅋ 비유 어쩌실 거예요 ㅋㄱㅋㄱㅋㄱㅋㄱㅋㄱㄱㅋㄱㅋㄱㅋㄱㅋㄱㅋㄱㅋㄱㅋㄱㅋㄱㅋㄱㅋㄱㄱㅋㄱㅋㄱㅋㄱㅋㄹㅋㄱㅋㄱㅋㄱㅋㄱㅋㄱㅋㄱㅋㄱㅋㄱㅋㄱㅋㄱㅋㄱㄱㅋㄱㅋㄱㅋㄱㅋㅋㅋ,독립일기,748105,빵터지는
와 바보개ㅠㅠ 보고 싶다 대학일기 봐야지,독립일기,748105,힐링되는
긍정적이구낰ㅋㅋㅋㅋㅋㅋㅋㅋㅋㅋㅋㅋㅋㅋㅋㅋㅋㅋㅋㅋㅋㅋㅋㅋㅋㅋㅋㅋㅋㅋㅋㅋㅋㅋㅋㅋㅋㅋㅋㅋㅋㅋㅋㅋ아버님 귀엽습니다,독립일기,748105,힐링되는
아앀ㅋㅋㅋㅋㅋㅋㅋㅋㅋㅋ 개터졋넼ㅋㅋㅋㅋㅋㅋㅋㅋㅋㅋㅋㅋㅋㅋㅋㅋㅋㅋㅋㅋㅋㅋㅋㅋㅋㅋㅋㅋㅋ,독립일기,748105,빵터지는
ㅋㅋㅋㅋㅋ 야 우냐?,독립일기,748105,빵터지는
뿌잉ㅠㅠㅠㅠ바보개 존귀ㅠㅠ혓바닥좀봐ㅠㅠ,독립일기,748105,힐링되는
표정 역대급이다ㅋㅋㅋㅋㅋㅋㅋ,독립일기,748105,빵터지는
어머님 표정 너무귀여워(///▽///,독립일기,748105,힐링되는
와 진짜 어머니에게 있어서 최고의 칭찬이다 ㅋㅋㅋㅋㅋ어머니 저거 들어서 엄청 기분 좋으셨을듯,독립일기,748105,힐링되는
아버님 귀여워진짴ㅋㅋㅋㅋㅋㅋㅋㅋㅋㅋ사랑스러워♡ㅋㅋㅋㅋㅋㅋㅋㅋ,독립일기,748105,힐링되는
자까님이 귀여우신 이유가 아버님이셨군요  복붙,독립일기,748105,힐링되는
인기순나열ㅋㅋㅋㅋㅋ ㄹㅇ공감ㅋㅋㅋㅋ,독립일기,748105,빵터지는
제 쿠키가 이 방을 체우는 데 도움이 되길 바래요,독립일기,748105,기다려지는
대학일기 수능일기 그리고 지금 자취일기 보면서 느끼는 건데 어머님이 참 좋은 분 같아요 진짜... 항상 자까 님을 믿고 적당하게 풀어주시는 느낌 ㅠㅠㅠ 잘하지 못해도 괜찮다고 하시고 꼭 최고가 될 필요가 없다고 하시고... 한 마디도 못했더라도 별거 아니지?라는 말로 가볍게 풀어주시는 그 마인드는 정말 꼭 닮고 싶습니다 ,독립일기,748105,힐링되는
어머님 팩폭은 여전하시군요 아진짜 좋습니다,독립일기,748105,기다려지는
작가님 꽃길만 걸으세요❤🌼🌷🌼🌹ㄲ🌹🌺ㅗ🌺🌻ㅊ🌻💐기💐🌸ㄹ🌸🥀💮🥀,독립일기,748105,기다려지는
다크 전직할때 나만 소름 돋았냐?,열렙전사,670152,기다려지는
거짓말 안하고 몸에 소름돋았다..,열렙전사,670152,기다려지는
진짜 개 소름이다 열렙전사 1위로 돌아왔을 때랑 같은 전율이다 실화냐???,열렙전사,670152,기다려지는
분량 ㅆㅅㅌㅊ 스토리 ㅆㅅㅌㅊ...,열렙전사,670152,기다려지는
이번 작화는 웹툰역사에 남을 수준이였다,열렙전사,670152,그림체가 디테일한
ㄹㅇ 쿠키값했다 이번편은 ㅇㅈ?,열렙전사,670152,기다려지는
쿠키값하긴 쿠키값을 훨씬 넘어섰는데,열렙전사,670152,기다려지는
어제부터 계속 다시보고 또 보는데 볼때마다 소름이 돋는다..,열렙전사,670152,기다려지는
다크 마나량이 초코비비도 놀랄정도인데 고대드래곤 소환지속이 조금 밖에 안된다는건 고대드래곤이 진짜 넘사벽인 존재인듯... 마족의 마나까지 받아서 마나량이 늘어난 상태인데도,열렙전사,670152,게임물
마족들도 금기어는 아네,열렙전사,670152,게임물
개인적인 생각인데라지에는 왔느냐 꼬마마스터 라고했습니다.이전에 복선이 있으니 올걸 예상했겠죠.그리고 다크가 오고 인간과 손을 잡았냐고 물은 라지에의 숙부가 강제적으로 악몽을 주입했습니다.이전에 경우 악몽의 유혹을 견디고 견디고 견디면 악몽에게 침식이 되지 않을 수 있는거 같은데 이번에 경우 뇌를통한 직접주입이라 라지에가 초반에는 변해있는 상태일 것 같습니다.이후 다크와 전투하명서 추억팔이 하고 가족생각하면서 악몽의 힘을 자신의 것으로 컨트롤 할 수 있지않을까 하고 예상되는데 다른 시나리오는 다크에게 이성을 되찾고 죽여달라하고 다크가 어쩔 수 없에 라지애를 처단하고 힘을 이양받은 이후 다크의 동료로 라지에의 가족이 오는 경우두가지의 복션중 하나일 것으로 예상되네요다만 라지에가 악몽을 견디거나 자신의 것으로 소화할 경우 다크 새력이 악몽 자체에 갇힌것으로 추정되는 열랩전사을 되돌리는데 도움이 될것 같네요.,열렙전사,670152,의미심장한
레 ㅡ라지에랑 포지션하면 랭킹1위 씹어먹는다에 내 전재산을걸지,열렙전사,670152,먼치킨인
아니 나도 잡혔어 드립은 몇년째 듣는건데 들을때마다 웃기네 ㅋㅋㅋㅋㅋㅋㅋㅋㅋ,열렙전사,670152,빵터지는
하트히터 플래그 세우는 거 같아서 불안하다ㅠㅠ,열렙전사,670152,어두운
라지에 만날각인데? 다크는 라지에랑 합치면 랭킹1위 쌉가능인데;;,열렙전사,670152,먼치킨인
신도 열렙전사보고 와 씨 저거 버그아니냐ㅋㅋ 거의 이정도로 멘붕했는데 열렙이가 플레이 하는 방법이나 강함보면 플레이어들이 저러는 이유도 납득이 되지ㅋㅋㅋㅋ ,열렙전사,670152,게임물
올스텟유저가 열렙이 혼자엿던거지 만렙유저는 잇엇음,열렙전사,670152,게임물
저기서 열렙전사를 뛰어넘는 힘을 주겠다는 소리 보면 아직 랭킹1위는 열렙전사의 1등 시절을 못 넘었다는 소리네,열렙전사,670152,게임물
와 콘스탄트 머리 존ㄴ 좋네 근데 패널티 씨게 먹혀서 나중에 열렙이 봐도 저게 가짜인지 진짜인지 모르겠는데?,열렙전사,670152,똑똑한
콘스탄트 개인특성 초월형 개인특성인듯,열렙전사,670152,게임물
저 악몽 왠지 나중에 검은 제츠처럼 배신 때릴거같은데,열렙전사,670152,어두운
케인츠 마비검 소환하는걸로 봐서 나중가면열렙이 1위시절 아이템 풀세트로 악몽화 되는 장면이 나올거 같은 불길한 느낌...,열렙전사,670152,게임물
이번화에  나온거는  악몽화가 되어도인간의형태랑 정신은  유지될수있다는것중요 떡밥인듯   저통은 열렙전사랑같은느낌준다그랬으니베댓말처럼  풀세트악몽화 됬다가 정신부여잡고그  여자애랑 싸우는 구도나올듯,열렙전사,670152,기다려지는
나중엔 돌아온열렙이랑 악몽열렙이 싸우는게 제일 기대된다.지존아재도 ㄹㅇ 간지나긴했는데 열렙이는 넘사벽이지,열렙전사,670152,기다려지는
아니 얘들아;; 열렙이가 1위시절 템쓰고 악몽화되는거 상상해봐봐 진짜 말그대로 악몽이다....,열렙전사,670152,어두운
원래 검사캐는 눈 하나 정도 없어져야 더 간지나고 강해지는거임,열렙전사,670152,액션물
마지막에 최후의거북선보고 전율이 쫘아악 돌았습니다,열렙전사,670152,기다려지는
주인공 열렙전사가 나오지도  않는데 왜케 재밌노,열렙전사,670152,기다려지는
가슴이 웅장해진다...,열렙전사,670152,기다려지는
한편으로 드는 생각은 제로가 인간들이 마왕비 죽이게끔 부추켜서식이 악몽화하는 계기를 만든게 아닌가 싶음. 예전에도 리고스 악몽화 시키거나 카르마 모아서 신살무기 만들고 신들 다 죽이려고 별짓한데 제로인데..,열렙전사,670152,어두운
와 12% 이하의 체력...12척의 배 말하는거 잖아 ㅁㅊ소름,열렙전사,670152,기다려지는
사람들은 200원이 아까운게 아니라 일주일이 아쉬운거다,열렙전사,670152,기다려지는
열렙이가 싸다구 날리면 죽을넘이,열렙전사,670152,먼치킨인
노네임은 지존검사 일행이 젤리마을에 올 것을 미리 알고 마왕자라는 강자를 배치시켜둔거네요 ㄷㄷ ,열렙전사,670152,먼치킨인
이게임이 갓겜인 이유:만든 회사가 유저를 못 이김,열렙전사,670152,게임물
저거들 옛날 열렙이 제체기 한방이면 나가떨어질것들이,열렙전사,670152,먼치킨인
지존검사가 랭킹 4위라는거 너무 뿌듯함,열렙전사,670152,게임물
1위열렙한테 쳐맞았다고 저능력생기는거 ㅈㄴ웃기네 현랭킹1등부터 쭉찾아가서 후두려맞고 레벨만올리면 개사기네,열렙전사,670152,게임물
초타 흑화해서 적될꺼같은데?눈 나만 이질적이게 보이냐딱 콘스탄트인가 그느낌으로 그리는데,열렙전사,670152,어두운
열렙이 마왕포지션 맡을거 같다.. 다크랑 소라만 용사 아이템쓰고 열렙인 안쓴것도 떡밥인듯,열렙전사,670152,기다려지는
저거 제로가 육체는 죽고 겨우 정신만 남아서 열렙전사 악몽화 시키려는건가?,열렙전사,670152,게임물
중요한거 하나 항우 악의용한테 먹혔으니 캐삭당한거잖음,열렙전사,670152,게임물
열렙이가 부활한다면 랭킹 0위로 뜨겠지 그리고 특별한 루시드볼 받겠지,열렙전사,670152,먼치킨인
게임 뭐같이 만들었네 에러가 왜이렇게 잘떠,열렙전사,670152,게임물
오늘떡밥 나왔네요 cctv=드럼통하면  열렙전사 열렙전사 나올각이 보인다보여,열렙전사,670152,의미심장한
오늘 마지막 저거 꽤 큰 떡밥 같은게 만약 저렇게 외모나 성별을 바꾸는게 아이템이 아니라 게임 룰이 터지면서 자신의 성별과 관련이 없고 외모 또한 관련이 없는 캐릭터 생성이 가능하다고 했을때 열렙전사는 현재 행방불명이 아니라 아무도 모르는 새로운 캐릭터를 만들어서 현재 게임 속에서 남몰래 강해져서 다시 동료들 앞에 돌아오는 스토리는 아닐까... 하고 생각해봅니다,열렙전사,670152,의미심장한
마지막 작화쩐다,열렙전사,670152,그림체가 디테일한
작가님은 좋겠다 다음화 내용 알어서.....,열렙전사,670152,기다려지는
"느낌이 하트히터 죽음이 느껴진다.뭔가 여기서 악의용이 말한 복선 ""장난감""이 망가지면 화가 난다 라는 그말이 여기서 하트히터가 죽을꺼같아요. 하트히터 말하는폼 보면..",열렙전사,670152,의미심장한
작가님 딱밤으로 첫타 날려주셔서 감사합니다 너무 개운했어요 ㅋㅋㅋㅋㅋㅋㅋㅋㅋㅋㅋㅋㅋㅋㅋ,열렙전사,670152,사이다인
단모리 진모리로 변해서 밸런스 깼을 때 보다 최소 2배 이상의 쾌감이었다,열렙전사,670152,사이다인
열렙전사 스스로자살하고 태엽감기하면 1위시절 변환 무한루프 씹사기네,열렙전사,670152,먼치킨인
역시 죽어서 모든게 초기화된상태인 열렙전사는태엽감기 스킬 쿨타임도 초기화되네요,열렙전사,670152,게임물
1화에 나오는 '내가 돌아왔다'라는 대사는 바로 이 순간을 위한 것이 아니었나 싶을 정도로 전율이 흐르네요.,열렙전사,670152,기다려지는
진짜 죽이는 계획이네 ㅋㅋㅋㅋㅋㅋㅋㅋㅋㅋㅋ,열렙전사,670152,사이다인
와뭐야 상상도못한 전개 ㄴ°○°ㄱ  다흠하줘,열렙전사,670152,사이다인
와 개쩐다쿠키 더 비싸게 내도 되니깐 다음화 바로 보고싶다우리도 안쉬고 네시간뒤에 결승전 업로드해줬으면 좋겠다 ㅋㅋㅋ,열렙전사,670152,기다려지는
절 한자 다르던 것도 떡밥이였네ㅋㅋㅋㅋ 와 진짜 대박이다..,열렙전사,670152,의미심장한
쿠키중독 상담문의 1588-3820,열렙전사,670152,기다려지는
이번화는 앞으로의 싸움에 필요한 떡밥들을 뿌려놓은거같다. 열렙전사가 머리에 끼는 아이템을 끼면 모든 스킬을 사용할 수 있다고했는데 그렇다면 도박사로써 아귀보다 한층 높은 수준으로 올라가는것이고 축복의 신의 버프로 인해 강해진 아귀와의 밸런스를 조정해주는것같다. 또한 용자의 아이템으로 인해 마인화한 애한테 추가 데미지가 들어가는것은 물론이고 요피의 택처럼 주인공버프같은 패시브스킬이 생기지않을까싶다. 어떤 만화든 용자는 결국 승리하니까 한번 죽더라도 '용자의 의지' 이런식으로 다시 살아나서 카운터를 때리지않을까 예상해본다.,열렙전사,670152,의미심장한
"매달 쿠키 100개씩 구워서 보는 웹툰 중 고수, 헬퍼, 호랑이형님과 함께 1순위에 있는 열렙전사. 개인적인 관점에서 네이버 전체 웹툰 4강안에 들어가는.. 깔끔한 전개와 폭 넓은 세계관, 한 주 한주 스토리 짜내기에 급급한 타 웹툰들과 비교해 이미 완성된 스토리를 맛있게 그려내는데 집중한 듯한 표현력과 콘티. 이제까지 만화책을 내 돈으로 사본 적은 없지만 완결이 난다면 소장하고 싶은 만화. 스토리 작가님과 합이 잘 맞으시는 듯..(스토리 작가 없이 혼자 한다면 진짜 대박임.?)",열렙전사,670152,기다려지는
다음 쿠키도 바치겠습니다 악의용이시여,열렙전사,670152,기다려지는
전개실화냐 쿠키 20개 더가져가,열렙전사,670152,기다려지는
아니... 진짜 이 웹툰은 완벽 그자체....,열렙전사,670152,기다려지는
완결까지 5만원 내고 보라하면 본다,열렙전사,670152,기다려지는
"와 이번화 떡밥 엄청 많네요 신5와 악몽과의 관계, 노네임의 아르메스 스킬 완전각성, 열렙이 준 사과에 메시지? 와 이걸 받은 콘스탄트, 콘스탄트가 속한팀, 악몽팀 신규멤버들 ㄷㄷ 력시 믿고보는 갓렙전사!!",열렙전사,670152,의미심장한
하트히터 너무 잘생겼네..,열렙전사,670152,잘생긴
여기 사정없는 사람이 어딨어 졸라멋지ㅔ ㄹㅇ,열렙전사,670152,잘생긴
하트히터 존멋;;,열렙전사,670152,잘생긴
그래도 열렙전사는 섬네일 고퀼이네 ㅋㅋ,열렙전사,670152,그림체가 디테일한
지금보니까 4명으로 늘린다고할때 열렙파티에 검은그림자...주머니에 손넣은모습이..하트히터...복선깔아줬었구나..,열렙전사,670152,의미심장한
100화에서 남은 하나에 대한 떡밥을 던지고 끝났는데 다음화에 나오지 않을까 싶기도 하다. 한건제의 남은 하나는 '입벌려 힐들어 간다' 팀의 로봇 힐러가 아닐듯 싶다. 열렙전사 시작하기전 비중있게 다뤘던점. 사기적인 버프와 캐릭터의 능력이 복선인듯 싶다.또한 종족알파카맨 : 수인족소드마스터 : 엘프한작가 : 인간로봇힐러 : 메카닉이렇게 4종족으로 나뉘어 이세계를 운영하고 있는게 아닌가 싶다.예전화 정주행 하다 생각나서 적어 봅니다. 베댓좀 ㅠㅠ,열렙전사,670152,의미심장한
귀여워 보일 정도면 이미 입덕한거 아니냐,이번 생도 잘 부탁해,746858,설레는
저번에도 느낀건데 깐서하 진짜 ㅈㄴ 잘생겼어,이번 생도 잘 부탁해,746858,잘생긴
빨리 알아채서 서하 우는거 보고싶음,이번 생도 잘 부탁해,746858,기다려지는
도윤서하 자기도 모르게 술렁술렁 설레할때마다 모두의 입꼬리가 승천하다 못해 지구 대기 뚫고 우주 밖으로 진입했다고 합니다 작가님 책임지세요.. 작가님이 걔네 홍조를 그으시는 그 한획 한획이 세상사람 여럿 심정지하게 만드는건 아시죠?,이번 생도 잘 부탁해,746858,설레는
윤초원=반지음 첫사랑 맞잖아 이루어 지겠네? ͡° ͜ʖ ͡°  서하 빼고 다 아는 서하의 첫사랑 이루어지기,이번 생도 잘 부탁해,746858,설레는
잘생기다 (동사)1.사람의 얼굴이나 풍채가 훤하여 보기에 썩 좋게 생기다2.물건의 모양이 미끈하여 보기에 좋게 생기다.3.문서하,이번 생도 잘 부탁해,746858,잘생긴
아니 반지음 생의 가족들 너무 불안함 돈 뺏는말도 뭔가 복선같음,이번 생도 잘 부탁해,746858,기다려지는
이혜님 진짜 로맨스 맛잘알 ㅠㅠㅠㅠㅠㅠㅠㅠㅠㅠㅠ다시 환생해서 서하를 만나러 오는 설정도 미쳤는데 기억도 안 돌아온 무의식적으로도 무언가를 계속 찾고 기다렸다는거 ㅠㅠ그게 서하였다는거 눈물 5리터 흘렸습니다 ㅠㅠ,이번 생도 잘 부탁해,746858,설레는
기절시켜주고 완결햇을때 깨워달라는 베댓들 진짜 진부해 보엿는데 이제야 무슨뜻인지 알겟다,이번 생도 잘 부탁해,746858,기다려지는
와 근데 서하 주원이한테 결혼하자고 말한거 기억하고 있었어ㅠㅠㅠㅠ So sweat boy...,이번 생도 잘 부탁해,746858,힐링되는
뭔가 그때 나온 상자가 떡밥일듯 나중에 열었을때 난 전생을 기억해 이런거 써있거나 그럴거같아 ㅋㅋ,이번 생도 잘 부탁해,746858,의미심장한
명찰이 뭐가 필요하냐 얼굴이 프리패스인데 ,이번 생도 잘 부탁해,746858,잘생긴
서하 머리 반깐거 미쳤닼ㅠㅜㅜㅠㅠ,이번 생도 잘 부탁해,746858,잘생긴
와 엄마 만나는데 떨리겠다 미친 표정봐 ㅠㅠㅠ,이번 생도 잘 부탁해,746858,오열하는
다른 사람이 되서 우리 엄마를 본다면...그냥 눈물 날 듯,이번 생도 잘 부탁해,746858,오열하는
나라면 저기서 그냥 무너질듯.... 유리멘탈이라,이번 생도 잘 부탁해,746858,오열하는
오늘 떡밥 좀 나온거같은데23밖에 안됐는데 중동에서 일했다는거 나중에 지음이 과거나 경력보다가 그런적 없다는거 알게될거같고서하가 언젠간 말문 막히게 할거라는거는 지음이 비밀 알아내서 말문막히게 할수도 있을거같음,이번 생도 잘 부탁해,746858,의미심장한
여주 진짜 성격 시원스럽다ㅠ 내가 봤던 여주중에서 답답한면 1도 없고 자기 감정 시원하게 말함ㅜ,이번 생도 잘 부탁해,746858,사이다인
와 3번 다 거절 당하지 않을 자신 .. 존나 멋있어 반지음 ..,이번 생도 잘 부탁해,746858,사이다인
근데 이거 드라마화하면 진짜 꿀잼일듯,이번 생도 잘 부탁해,746858,기다려지는
진짜 너무 재미있다.... 요새 사이다여주 유행인 건 알지만 너무 작위적이라 싫어했는데 반지음은 작위적인 사이다 아니고 그냥 시원시원한 성격. 근데 그 시원시원함이 스스로의 능력치에서도 나오고 상대를 이미 잘 알고 있기 때문에 가능한 것도 있고.... 스토리랑 너무 잘 어우려져서 위화감 없이 너무 좋음 .,이번 생도 잘 부탁해,746858,사이다인
둘이 점점 친해지는게 보이기도 하다 ㅜㅜ 기여워 ㅜㅜ,이번 생도 잘 부탁해,746858,힐링되는
아니 나 여주가 이렇게 멋있는 웹툰 첨봤어,이번 생도 잘 부탁해,746858,잘생긴
잘생기다 [동사] 1. 사람의 얼굴이나 풍채가 훤하여 보기에 썩 좋게 생기다.2. 문서하.,이번 생도 잘 부탁해,746858,잘생긴
멋지다 [형용사]1. 보기에 썩 좋다.2. 반지음,이번 생도 잘 부탁해,746858,잘생긴
노빠꾸 언니 진짜 사랑해 고구마라곤 보이지조차 않아 ,이번 생도 잘 부탁해,746858,사이다인
이언니 노빠꾸가 세상에서 제일재밌음 ㄹㅇ,이번 생도 잘 부탁해,746858,사이다인
미리보기의 미리보기가 절실하당,이번 생도 잘 부탁해,746858,기다려지는
ㄹㅇ 여주가 성격이 안답답해서 좋다... 계속 보게되네,이번 생도 잘 부탁해,746858,사이다인
와 이건 무료분 보는 사람보다 쿠키굽는 사람이 더 많은듯,이번 생도 잘 부탁해,746858,기다려지는
진짜 한 화씩 보니까 너무 감질맛나... 작가님 실수로 두 개 올려주세요,이번 생도 잘 부탁해,746858,기다려지는
다음화 다음화가 필요해,이번 생도 잘 부탁해,746858,기다려지는
초원이한텐 연락 해야되는 거 아니였냐고 하는 거 뭔가 떡밥일지도... 서하가 엄마도 돌아가시고 아빠랑도 사이가 좋지 않으니까 매일 지음이네 집에 찾아갔는데 아무래도 동생인 초원이랑 많이 마주쳤겠지. 지음이가 죽기 전에는 그러려니 했겠지만 둘이서 놀이공원 가다가 언니는 죽고 문서하만 살았다? 어린나이에는 서하가 밉기만 했을텐데 연락하고 지낸 이유가 있을거 같다.... 이 말이야....,이번 생도 잘 부탁해,746858,의미심장한
트라우마 심하게 남았나보네요ㅠㅠ,이번 생도 잘 부탁해,746858,어두운
좋아하는 누나가 눈앞에서 죽었는데 트라우마가 안생길래야 안생길수가 없지...,이번 생도 잘 부탁해,746858,어두운
여주별명ㅋㅋ 일 잘하는 또라잌ㅋㅋㅋㅋㅋㅋㅋㅋ,이번 생도 잘 부탁해,746858,빵터지는
와 우리는 아직도 뒤통수 당함,이번 생도 잘 부탁해,746858,반전인
작가님 3화만에 통수 치기 있어요..? 이번에는 평화롭고 달달한 로맨스인줄 알았다구요!!ㅜㅜㅜ 진짜 슬퍼... 와,이번 생도 잘 부탁해,746858,반전인
역시 전설의 7통수. 설마 3화만에 여주가 사망할 줄이야....,이번 생도 잘 부탁해,746858,반전인
전설의 7통수 이름 어디 안 가네요...어떻게 3화만에 통수를...,이번 생도 잘 부탁해,746858,반전인
이것이 바로 전설의 7통수의 힘이다...3화만에 통수 실화냐고..,이번 생도 잘 부탁해,746858,반전인
ㅋㅋㅋㅋㅋㅋ연하였는데 연상ㅋㅋㅋㅋㅋㅋㅋㅋㅋㅋㅋㅋ개웃곀ㅋㅋㅋㅋㅋㅋ,이번 생도 잘 부탁해,746858,빵터지는
차사고가 날줄이야 역시 전설의 7통수 이혜 작가님,이번 생도 잘 부탁해,746858,반전인
뭔데 왜 그림체 더 이뻐졌는데,이번 생도 잘 부탁해,746858,그림체가 디테일한
"기성, 소윤 커플 너무 잘 어울리네요 예쁜 사랑 오래 가기를",맘마미안,729326,설레는
이준이를 보면서 참 고맙기도 하고 한편으론 미안하기도 하고 여러가지 감정이 드네요 이준아 지금까지 잘 버텨줘서 고맙다,맘마미안,729326,어두운
걸크러쉬의 사이다,맘마미안,729326,사이다인
심장떨린다어떻게 태연한 척이 가능하지 저 상황에?ㅠㅠ암튼 효찬이 접근 방법이 너무 좋았다 센스있고ㅠㅠ,맘마미안,729326,똑똑한
성준이 너무 맴찢이냐 어떡해..... 칼에 찔려도 아프다는 소리를 안하네...,맘마미안,729326,오열하는
성준이 칼에 찔린 와중에도 금옥님이 걱정할까 봐 듣기만 하라는 거 왜 이렇게 짠하냐.. 맴찢ㅠ,맘마미안,729326,오열하는
성준아 너 아프면 금옥씨도 아프다,맘마미안,729326,오열하는
"세라 카리스마 봐,,",맘마미안,729326,사이다인
세라 걸크 미쳐ㅠㅠ,맘마미안,729326,사이다인
성준이는 볼수록 귀엽냐 ㅋㅋ,맘마미안,729326,힐링되는
성준이는 찐사구나..,맘마미안,729326,설레는
썸넬 바뀐거 이쁘다,맘마미안,729326,그림체가 디테일한
"어떤 사정이 있었든 가정폭력은 씻을 수 없는 죄임. 일정 부분 상황이 사람을 바꾸는 것도 맞지만 어려운 가정에서 태어난 애들이 다 도둑질 하고 다니는게 아니듯, 효찬이 아빠가 물건 부수고 아내 때리고 한 건 그냥 사람으로서 하면 안되는 행동이지..만약에 다시 합친다 쳐도 상황 안 좋아지면 또 가정폭력 할 사람임",맘마미안,729326,어두운
"뭔이유가 있던 가정폭력은 나쁜거 맞고, 효찬이는 저 차가 어째.. 불안스럽다. 사고사의 그 사고가 교통사고일까봐.",맘마미안,729326,어두운
가정폭력은 어떤 이유로든 정당화될수 없음...;;,맘마미안,729326,어두운
성준이 너무 순애보다....ㅠㅠㅜ,맘마미안,729326,설레는
그것보다 효찬이 울먹거리면서 화내는거 너무 눈물나올 정도로 애잔하다 ㅠㅠ,맘마미안,729326,오열하는
세라 행동력 진짜.. 모두모두 잘 풀려서 당당하게 학교 다니고  효찬이랑 세라 관계회복기념 데이트편도 보고싶다,맘마미안,729326,사이다인
아이고.....성준아 ㅋㅋㅋㅋㅋㅋㅋㅋ 아픈손가락이다 진짜 큐ㅠㅠㅠㅠㅠㅠ,맘마미안,729326,오열하는
50대 나이에 20대 미모를 가진 최고의 동안 미녀 연금옥,맘마미안,729326,잘생긴
세라 그중에 조오오라 이쁘네,맘마미안,729326,잘생긴
여긴 빌런이 없어서 참 좋아요.,맘마미안,729326,힐링되는
ㅋㅋ 상상이랑 일단 금옥이 옷차림부터가 다름 ㅋㅋㅋㅋㅋㅋㅋ,맘마미안,729326,빵터지는
꺄루루 ㅋㅋㅋㅋㅋ 미쳤넼ㅋㅋㅋㅋ,맘마미안,729326,빵터지는
썸넬부터 상상인줄알았음 ㅋㅋㅋㅋㅋㅋㅋ 개웃겨,맘마미안,729326,빵터지는
성준이 상상하는거 나만 웃겨? 평범한 대학생 ㅋㅋㅋㅋ 막컷에 남자랑 금옥이 너무 웃기네,맘마미안,729326,빵터지는
금옥이 카톡 프사 너무웃김ㅋㅋㅋㅋㅋㅋ 전형적인 엄마들 프로필 꽃사진ㅋㅋㅋㅋㅋ,맘마미안,729326,빵터지는
평범한 대학생 치고는 잘생겼는데,맘마미안,729326,잘생긴
아 오늘 스토리 왤케 슬픈거야ㅠㅠ,맘마미안,729326,오열하는
드라마 급으로 끊어 버리네 ...;;,맘마미안,729326,기다려지는
ㅋㅋㅋㅋ 드라마하고 다를게 뭐야 이렇게 끊으면 어떡하라고ㅠㅠ,맘마미안,729326,기다려지는
와 ㅋㅋㅋㅋ 똑같이 끊을줄은 진짜 몰랐네 ㅋㅋㅋㅋㅋ 아오...,맘마미안,729326,기다려지는
드라마랑 똑같네,맘마미안,729326,기다려지는
근데 진짜 자식이 자기때문에 아픈데도 참고 알바뛰고있는거보면 얼마나 맴찢일까 ㄹㅇ,맘마미안,729326,오열하는
쿠키가져가고 다음화가져와!!!!!!,맘마미안,729326,기다려지는
ㅇ하진짜.... 매번 느끼는건데 웹툰 진짜 너무잘만들었다.....,맘마미안,729326,기다려지는
끊는게 거의 수목드라마 급이네,맘마미안,729326,기다려지는
와 오해하기 딱 좋은 타이밍.. 근데 어머님 너무 슬프다ㅠㅜ,맘마미안,729326,오열하는
강세라 저렇게 까는건 안되지...저사람이 어머니인건 모르지만 얼마나 가슴이 무너지는 느낌일까..ㅜㅜ,맘마미안,729326,오열하는
위성준 존나잘생겻네,맘마미안,729326,잘생긴
ㅋㅋㅋㅋㅋㅋㅋㅋ 여긴 등장인물 죄다 허당매력이야ㅋㅋㅋ,맘마미안,729326,빵터지는
컷하나 하나 볼때마다 웃기네ㅋㅋ 재밋으,맘마미안,729326,빵터지는
머머리위에 고기올린거 ㅈㄴ웃기네ㅋㅋㅋㅋㅋㅋㅋㅋㅋㅋㅋㅋㅋㅋㅋㅋㅋㅋㅋㅋ,맘마미안,729326,빵터지는
"ㅠㅠㅠㅠㅠㅠㅠ 너무슬퍼 남편잃으면 과부, 아내 잃으면 홀아비, 자식잃으면 단어조차 없음 너무슬퍼서...",맘마미안,729326,오열하는
저런사람들이 나중엔 개그캐되더라,맘마미안,729326,빵터지는
이 웹툰은 찐이다 ㅋㅋㅋㅋㅋ 로멘스 코믹 다 때려박았네 개꿀잼,맘마미안,729326,빵터지는
도깨비 얼굴이 ㅎㄷㄷ,전지적 독자 시점,747269,어두운
어 저 잼민인데 너무 재미있어요 ,전지적 독자 시점,747269,기다려지는
와 존나 재밌는데 ㄹㅇ,전지적 독자 시점,747269,기다려지는
나만 도깨비 첫인상 귀엽다고 생각함 ,전지적 독자 시점,747269,그림체가 귀여운
와 ㅁㅊ ,전지적 독자 시점,747269,소름돋는
이 웹툰 의 모든 컷이 떡밥이라면 여러번 믿으시겟습니까 그런데 진짜 모든 컷 모든 장면이 떡밥입니다 여러분 ㅋㅋ,전지적 독자 시점,747269,소름돋는
헐 대박 재밌다,전지적 독자 시점,747269,기다려지는
헐 무시하고 봤는데 확실히   걸어야 되네 ㄷ 아ㅠ 진짜 도깨비 너무 무섭다ㄷ,전지적 독자 시점,747269,어두운
지난회에서 비형은 내 상상보다 귀엽다 생각했고 한명오가 내 상상보다 훨씬 더 멋있다고 생각했다 근데 이번화에선 이현성과 이지혜가 내 상상에서 튀어나온줄 ㅠㅠㅠㅠㅠㅠ,전지적 독자 시점,747269,그림체가 귀여운
이거 신들의 무궁화꽃이 피었습니다랑 죽는게 같은데,전지적 독자 시점,747269,어두운
재밌다 유명해서 소설 보려고 했는데 글은 안좋아해서 걍 버티다가 웹툰나온거 봤는데 개재밌네,전지적 독자 시점,747269,기다려지는
 년 동안 읽은 천회가 넘는 웹소설의 초반부를 저렇게 자세히 기억하고 있는게 제일 놀랍다 ㅋㅋㅋ,전지적 독자 시점,747269,소름돋는
유상아 나중에 ㅈㄴ쌔지고 힐러 역할 맡는데 자기 목숨 희생해서 주인공 살리는 장면 빨리 보고싶다 ㅠㅠ,전지적 독자 시점,747269,먼치킨인
도깨비 빨간 눈 겁나무서웠음,전지적 독자 시점,747269,어두운
인물 상상 그대로에요 ,전지적 독자 시점,747269,그림체가 디테일한
이지혜 장면 만화로 보니까 완전 대박이다  소름 굉장히 돋네ㅠㅠㅠ 넘 맘아프다,전지적 독자 시점,747269,그림체가 디테일한
비유도 빨리나왔으면 좋겠다ㅎ,전지적 독자 시점,747269,기다려지는
독자 나중에 성좌됨,전지적 독자 시점,747269,먼치킨인
ㅓㅜ  무서워  그래서 더재밌어,전지적 독자 시점,747269,어두운
이 재밌는걸 왜 이제야안거지 ,전지적 독자 시점,747269,기다려지는
이 나라 사람들은 게임을 잘한다라면서 은근슬쩍 도깨비가 우리나라 게임 실력을 칭찬함ㅋㅋㅋ,전지적 독자 시점,747269,게임물
생존자 얘기할 때 개 소름,전지적 독자 시점,747269,소름돋는
그 일본영화중에 달마  걔가 사람 움직이면 터트려버리는 그 장면 같음 ,전지적 독자 시점,747269,게임물
소설보고 보니까 더 재밌네 ㅋㅋ,전지적 독자 시점,747269,기다려지는
앞에화에서 도깨비 귀엽다고 쓴 사람인데  이번 화 도깨비 보고 놀람,전지적 독자 시점,747269,그림체가 귀여운
군인아저씨 너무 잘생겼다,전지적 독자 시점,747269,잘생긴
으어어 도깨비 무셔 ,전지적 독자 시점,747269,어두운
신이 말하는 대로 한국판인가 ,전지적 독자 시점,747269,게임물
나 소설 안본 독자인데 저 실루엣 내 웹툰 짬밥으로 보니  잘생겼다   알 수 있어   쟤 잘생겼어   ,전지적 독자 시점,747269,잘생긴
진짜 개재밌다,전지적 독자 시점,747269,기다려지는
진짜 소설읽기 귀찮아서 항상 봐야지 봐야지만 반복해왔었는데 웹툰으로 보니 엄청난 것이었잖아  작가님 저 웹툰도 보고 소설도 볼거예요  헿ㅎ 그리고 우리 지역엔 지하철이 없어서 다행이다  ,전지적 독자 시점,747269,기다려지는
다시보고싶었던성좌가  코인을 후원했습니다 ,전지적 독자 시점,747269,기다려지는
저 도깨비 귀엽네 했는데 개소름낌 표정 ,전지적 독자 시점,747269,그림체가 귀여운
 년 전에 읽은 내용을 어떻게 다 기억하지,전지적 독자 시점,747269,소름돋는
돌아버리겠네 세상에,전지적 독자 시점,747269,
작가님 저 무서워요 ㅠㅠㅠㅠ,전지적 독자 시점,747269,어두운
몰입감 ㅁ쳤는데  와,전지적 독자 시점,747269,기다려지는
와 소름 돋았어요  진짜 온몸에 소름이 쫙,전지적 독자 시점,747269,소름돋는
카페 향이 많이나네 모든 인물 잘생기게 그리는 그곳,전지적 독자 시점,747269,잘생긴
와 몰입도 장난아니다 이 웹툰 ㄷ,전지적 독자 시점,747269,기다려지는
신이 말하는데로 랑비슷하네 ,전지적 독자 시점,747269,게임물
이거 약간 영화  신이 말하는대로 느낌 나는데 ,전지적 독자 시점,747269,게임물
뉴비는 ㄹㅇ 독자적시점으로 봐야되는거거든요 저도 뉴비입니다 ㅎㅎ,전지적 독자 시점,747269,게임물
그림작가님 진짜 뭐야 전독시 엄청 재밌게 보셨나 생각했던 그대로의 작품이라 놀라는 중 ,전지적 독자 시점,747269,그림체가 디테일한
김독자 너무 잘생김 ,전지적 독자 시점,747269,잘생긴
가볍게 봤는데 생각보다 잔인 ,전지적 독자 시점,747269,어두운
이거 완전 신이 말하는 대로 잖아 ,전지적 독자 시점,747269,게임물
신이 말하는대로 같다,전지적 독자 시점,747269,게임물
난 이거  편까지보고 문피아가서  일만에  편 다봄 진심  후회안함 달빛조각사 저리가라고  몰입도  진심 최강 제 친구한테 아이디 빌려줘서 읽어보라고 강추했죠 다만  대여가 아니라  구입을 할걸 그랬음 개후회함  ㅅㅂ  ㅠㅜ,전지적 독자 시점,747269,기다려지는
오 신이말하는대로 아는 사람이 있네 ,전지적 독자 시점,747269,게임물
근데 이거 신이말하는대로 인가  그거랑 학교 씬이 너무 비슷해서 약간 소름 돋네 ㅋㅋ,전지적 독자 시점,747269,게임물
헉  보다가 왠지 신이 말하는 대로 생각났어 웹툰 넘 오져서 소설도 보러가고 싶어짐,전지적 독자 시점,747269,게임물
ㅋㅋㅋ도깨비도 코리아가 겜잘하고 겜에 미친거아누,전지적 독자 시점,747269,게임물
와 몰입감 장난아니다,전지적 독자 시점,747269,기다려지는
와 이거 개지리네,전지적 독자 시점,747269,기다려지는
우와 그림 진짜 잘 그리네요 ,전지적 독자 시점,747269,그림체가 디테일한
입이 어우 근질 입질이 너무 지혜 표정이 너무 공허해서 가슴이 먹먹해지네,전지적 독자 시점,747269,어두운
재밌네ㅋㅋ소설한번도 본적없는데  저 군인 나오는 시점부터 주인공이 알고있는 멸살법 내용이랑 묘하게 어긋나는게 흥미진진,전지적 독자 시점,747269,소름돋는
지금까진 신이 말하는대로랑 똑같네,전지적 독자 시점,747269,게임물
처음엔 좀 충격이죠  저도 심장 쫄깃쫄깃했어요  앞으로 기대만발 ,전지적 독자 시점,747269,기다려지는
존나 재밌는데 이거 왜 안보고 있었냐 나란 새끼,전지적 독자 시점,747269,기다려지는
신이 말하는대로 같네,전지적 독자 시점,747269,게임물
이 나라 사람들은 게임에 능하다는걸 보고 뿌듯,전지적 독자 시점,747269,게임물
머리 터지는거 너무 잔인해요 ㅠㅠㅠㅠㅠㅠ,전지적 독자 시점,747269,어두운
요즘 판타지물 네이버에 많이 올라오네진짜 좋아 히힣힣,전지적 독자 시점,747269,판타지물
시 바 이거 왜 내가 사는 세계에는 없는거 거의  년 동안 연재 하던 작품을 한 독자가 전부 정주행하고 내용까지 알고 있으면 되게 흥분될것 같은데 개 재밌다,전지적 독자 시점,747269,기다려지는
아 ㄹㅇ 신이말하는대로 재밌게 봤는데 좋다 되게,전지적 독자 시점,747269,게임물
헐 전화 보고 신이 말하는대로 댓글 달고 왔는데 저처럼 생각하시는 분들이 많았군요ㅋㅋㅋㅋㅋ,전지적 독자 시점,747269,게임물
신이 말하는대로 느낌나네,전지적 독자 시점,747269,게임물
뭔가 신이 말하는 대로 같아,전지적 독자 시점,747269,게임물
전독시 네이버  대장에 오를수 있을만큼 스토리 뛰어나고 그림체도 좋다 신의탑이랑 동급 웹툰될듯 ,전지적 독자 시점,747269,그림체가 디테일한
중간에 도깨비  부분 작화 진짜 놀랍다  이빨 묘사보고 충격먹음 주  회 연재에서 이런 퀄리티라니  우리나라 만화계의 미래가 이렇게 밝다,전지적 독자 시점,747269,그림체가 디테일한
이거 진짜 재밋네,전지적 독자 시점,747269,기다려지는
우 아  소름돋아  무서워 ,전지적 독자 시점,747269,소름돋는
와 진짜 표정 하나하나가 살아있다 대박,전지적 독자 시점,747269,그림체가 디테일한
그 예전에 신이 말하는대로 였나 일본영화 생각나네,전지적 독자 시점,747269,게임물
신님이 말하는대로,전지적 독자 시점,747269,게임물
아 구원의 마왕 할때 진짜 기대된다 ㅠㅠㅠㅠ,전지적 독자 시점,747269,판타지물
중혁아ㅠㅠ  독자남친 실루엣존멋 ㅠㅠ,전지적 독자 시점,747269,잘생긴
약간 신이말하는대로 같은 ,전지적 독자 시점,747269,게임물
현성 멋있다 ,전지적 독자 시점,747269,잘생긴
흥미진진,전지적 독자 시점,747269,기다려지는
이 소설 본 적은 없는데 인기 많은건 알고 있었는데  이렇게 무서운 내용이였어요 ,전지적 독자 시점,747269,어두운
재밌다 ,전지적 독자 시점,747269,기다려지는
재밋을것같은데 무서워서 제대로못보겟어 ,전지적 독자 시점,747269,어두운
개꿀잼 색다른스토리 흥할거임 대작,전지적 독자 시점,747269,기다려지는
와  가슴이 웅장해진다 ,전지적 독자 시점,747269,기다려지는
아냐 괜찮아  살인데 겁나 재밌넹 ,전지적 독자 시점,747269,기다려지는
이현성 진짜 소설에서의 느낌 그대로 잘 그려주셨다ㅠㅠㅠㅠㅠ,전지적 독자 시점,747269,그림체가 디테일한
무섭다  ㅠㅠ,전지적 독자 시점,747269,어두운
   카페에서 나혼렙을 그리고 인기 상승하고그 뒤로 많은 웹툰들이 전부 리다이스에서 그려지는 중가장 좋은점은 그림체가 개 쩔어서 모든 점에서 좋다 ,전지적 독자 시점,747269,그림체가 디테일한
ㅋㅋㅋ 세 ㅋㅋ,전지적 독자 시점,747269,먼치킨인
엄청 재밌게 본 웹소설이 이런 개쩌는 고퀄 그림체로 웹툰화 되면 진짜 좋을 거 같다ㅋㅋ,전지적 독자 시점,747269,그림체가 디테일한
이거 진짜 재밌는데 이 속도로 완결까지 어케가냐,전지적 독자 시점,747269,기다려지는
와 작화 쩐다  그리고 설정도 쩐다 유료서비스라면서 배틀로얄찍게하다니 너무하잖아,전지적 독자 시점,747269,그림체가 디테일한
와  여기까지 왔는데 몰입감 최고라서  회본거같아요  진짜 존잼웹툰생겻다 ,전지적 독자 시점,747269,기다려지는
군인잘생겼다,전지적 독자 시점,747269,잘생긴
대박,전지적 독자 시점,747269,기다려지는
김독자  너 왜케 잘생겼어,전지적 독자 시점,747269,잘생긴
지금 소설 보고있습니다  재밌어서 미칠거같아요 ,전지적 독자 시점,747269,기다려지는
이거 정말 재밌는데요,전지적 독자 시점,747269,기다려지는
이야  잘 그렸다 ,전지적 독자 시점,747269,그림체가 디테일한
근데ㅋㅋㅋ 독자가 생각보다 개 잘생겼는데 ,전지적 독자 시점,747269,잘생긴
진짜 미친 이거 ㄹㅇ 전설임,전지적 독자 시점,747269,기다려지는
이거 진짜 개꿀잼인게 결말 와 개오짐  스포 존잼 이거밖에 못말함,전지적 독자 시점,747269,기다려지는
 어때요  재미있죠 ㅇ 꿀잼 후훗,전지적 독자 시점,747269,기다려지는
소설 봤는데 재미있네,전지적 독자 시점,747269,기다려지는
와  소설 안봤는데 진짜 재밌다 윰세 없어지고 수요일 볼거 없었는데,전지적 독자 시점,747269,기다려지는
독자 너무 잘생기게 나왔어요  조금 못생기게나와도 갠찬을것 같아요,전지적 독자 시점,747269,잘생긴
이거 신이 말하는 대로 랑 비슷한듯 ,전지적 독자 시점,747269,게임물
이거 완결날려면 몇년있어야하냐  겁나빡셀건데 ,전지적 독자 시점,747269,기다려지는
와 너무 좋아ㅠㅜㅠㅜ웹툰 뽑으신거 진짜 상상대로ㅠ 신규 독자분들도 계시는데 캐앓은 하지 말아주세요ㅠ민폐입니다 알고 있는걸 자랑할 기회가 여기밖에 없나요 ,전지적 독자 시점,747269,기다려지는
잘생기면 다 오빠지만 독자는 아니다 내 새끼다 독자야ㅠㅠㅠㅠㅠㅠ사랑해,전지적 독자 시점,747269,잘생긴
이거 이렇게 재밌어용   화나왔을때부터 네이버에서 홍보  트위터에서 엄청 인기엿던데,전지적 독자 시점,747269,기다려지는
내일나온다  드디어,전지적 독자 시점,747269,기다려지는
와  님 똑똑하다,전지적 독자 시점,747269,똑똑한
독자 왤케 잘생김 ,전지적 독자 시점,747269,잘생긴
작화 나혼렙 누낌난다 개좋다 작화진짜,전지적 독자 시점,747269,그림체가 디테일한
진짜 이건 꼭 다 봐야돼 떡밥 회수 큰그림 지림,전지적 독자 시점,747269,소름돋는
흔한 양산물판타지 이세계물인줄알았는데 재밌네ㄹㅇ ,전지적 독자 시점,747269,판타지물
주안공 왤캐 잘생기게뽑혔냐,전지적 독자 시점,747269,잘생긴
도깨비가 생각보다 귀여워서 미치겠다ㅠㅋㅋㅋㅋㅋㅋ어뜨케ㅠㅋㅋㅋㅋㅋ복슬복슬ㅠ,전지적 독자 시점,747269,그림체가 귀여운
드디어 내일 나온다 ,전지적 독자 시점,747269,기다려지는
와 이지혜 그림으로 보니까 더 소름돋는다 걍,전지적 독자 시점,747269,그림체가 디테일한
헐 저 이지혜란 여자애 이쁘다 저 와꾸라면 무조건 주인공 파티에 들어가야 행,전지적 독자 시점,747269,
소설 다시 읽을까 너무 기다리기 힘든데,전지적 독자 시점,747269,기다려지는
신이말하는대로라 비슷한장르네 재밌네,전지적 독자 시점,747269,게임물
요즘 나오는 신작들 그림체랑 진짜 비교된다,전지적 독자 시점,747269,그림체가 디테일한
관심이있다면 소설을 한번본 후 웹툰을 다시보면 더욱 재미있으실거같아요 소설읽을때 머리로 생각하던거와 비슷하니 더욱 재미있네요,전지적 독자 시점,747269,기다려지는
와 진짜 초반 몇화만 보고 이렇게 몰입되는건 오랜만이네,전지적 독자 시점,747269,기다려지는
오우야 무섭다,전지적 독자 시점,747269,어두운
지혜 멘탈터지는 소리 여기까지 들린다 ㅛㅜㅠ현성이랑 지혜 둘다 진짜 내 상상 그대로라 놀랐음 와 너무 좋아ㅠ,전지적 독자 시점,747269,그림체가 디테일한
이야 역시 나혼업 그림팀 진짜 표현력이지리네 소설을 사람들이 생각한거랑 최대한 비슷하게 만들려고하는게 눈에띤다,전지적 독자 시점,747269,그림체가 디테일한
다 다음편,전지적 독자 시점,747269,기다려지는
이지혜 ㅅㅂㅅㅂ 온몸에 소름돋는다 매화매화,전지적 독자 시점,747269,소름돋는
지혜 표정보고 소름 쫙돋았어요 표현 미쳤다작가님 사랑해요,전지적 독자 시점,747269,그림체가 디테일한
와 작가님 못 생긴 거 못 그리죠 진짜 가슴이 웅장해집니다 ,전지적 독자 시점,747269,잘생긴
댓으로 나오는 등장인물한테 반응하지말라는데 자기 최애가나오는데 어떻게 가만히 있음ㅋㅋㅋㅋ 소리지르고 울고싶은게 마음인데우리실루엣  많이 아끼고있었는데 어떻게 실루엣까지 잘생겼니 미칠것같아 ㅠㅠㅠ,전지적 독자 시점,747269,잘생긴
이현성 개 멋있어,전지적 독자 시점,747269,잘생긴
아직까진  신이 말하는대로 가 많이 떠오른다,전지적 독자 시점,747269,게임물
미친 전독시 들은걸로는 남캐만 수두룩한 게이소설인줄 알았는데 지혜  지혜라고  언니 너무 잘생겼다 사랑해 미친,전지적 독자 시점,747269,잘생긴
제가 이 말씀 드렸나요 사랑합니다 진빠 원작 읽을 때 이건 웹툰이나 영화 이런걸로 나왔으면 했는데 어떻게 어렇게 잘 그리고 멋있게 그려주신건지 ㅠㅠ 제가 정말 진심으로 사랑합니다 ㅠㅠㅠㅠ,전지적 독자 시점,747269,그림체가 디테일한
다음 내용 궁금하면 시리즈에서 소설로 보시는걸 추천합니다,전지적 독자 시점,747269,기다려지는
이 뒤에 어떻게 풀어내실까 되게 기대된다 ㅋㅋㅋ,전지적 독자 시점,747269,기다려지는
진짜개잼있네 나같은 판타지소설 이해력 딸려서 못ㅂ 는 사람들은 만세를 외칩니다 크흐 따흙,전지적 독자 시점,747269,판타지물
와 이제부터 화요일  시가 몇년동안 즐겁겠구나 행복하겠구나 미쳐서 환장할 노릇이구나 미쳐날뛸거같구나,전지적 독자 시점,747269,기다려지는
오늘 내용 보면서 저도 모르게 팔에 소름이 쫙 돋았네요  특히 마지막부분이 진짜 무서움 증폭 되는 거 같아요 그거 딱 보고 정신 차리니까 팔에 소름 돋아있더라구요 허어 여튼 오늘도 재미있게 보고 갑니다  다음 화도 기대하고 있겠습니다 ,전지적 독자 시점,747269,소름돋는
와 진짜 재밌다 소설도 진짜 재밌게 봤는데 웹툰으로 보니까 색다른 매력이 있네,전지적 독자 시점,747269,
ㅜ   ㅠ 등장인물 전부 존잘 ,전지적 독자 시점,747269,잘생긴
신이 말하는대로 생각난다 ,전지적 독자 시점,747269,게임물
보면 나혼렙이랑은 완전히 다릅니다 충분히 보실만하다고 장담함,전지적 독자 시점,747269,판타지물
진짜 재밌네 ㅋㅋㅋㅋㅋㅋㅋㅋㅋㅋ 이거 더 올라가겠다  위 노려볼만 한듯 그림체 내용 모든것이 조화롭다 첫화 부터 몰입 되기 힘든데 스토리 되게 괜찮네 참신하다,전지적 독자 시점,747269,그림체가 디테일한
소설 구현 잘해놨네요 오ㅋㅋㅋㅋ,전지적 독자 시점,747269,그림체가 디테일한
우와  몰입감 대박 ,전지적 독자 시점,747269,기다려지는
ㅗㅜㅑ 존잼,전지적 독자 시점,747269,기다려지는
진짜 모든 인물이 내가 소설 읽으면서 생각했던거랑 너무 똑같다 진짜ㅠㅠ 울거같음 지금,전지적 독자 시점,747269,그림체가 디테일한
넘 넘 재미 있어요 앞으로 스토리가 기대 되네요,전지적 독자 시점,747269,기다려지는
웹툰 내용 맨날 다 비슷비슷해서 잘안보는데 이건 진짜 재밌다 ㅋㅋ,전지적 독자 시점,747269,기다려지는
원작 볼때 도깨비 엄청 잔혹하고 무섭게 생긴걸로 상상 했는데 너무 귀여워ㅋㅋㅋㅋ ,전지적 독자 시점,747269,그림체가 귀여운
약간 신이말하는대로 삘나는 웹툰이네요,전지적 독자 시점,747269,게임물
보면서 소름돋는다 하와아아ㅏ아ㅜㅠㅠ,전지적 독자 시점,747269,소름돋는
악 최고야 악악악,전지적 독자 시점,747269,기다려지는
재밌당 기대된당ㅎㅎ,전지적 독자 시점,747269,기다려지는
이현성 생각하던 그대로 그려져서 놀랏어요 ㄷㄷ,전지적 독자 시점,747269,그림체가 디테일한
이거  신이말 ㅎ는ㄷ로  비슷하구먼ㅠㅠ,전지적 독자 시점,747269,게임물
대박 너무 잘그렷어 소설 상상한그대로고 대사도 그대로야,전지적 독자 시점,747269,그림체가 디테일한
아 네이버가서 수학문제나 좀 아는척해라 찐새기들아 여기와서 아는거 나왔다고 난리치지말고,전지적 독자 시점,747269,
와 미쳤다 명작하나 찾았다,전지적 독자 시점,747269,기다려지는
크하 원작고증 지린다 진짜 상상한 그모습 그대로네 근데 독자형 소설에는 못생기게 묘사되어있는데 욀케 잘생김 ,전지적 독자 시점,747269,잘생긴
이게 그랗게 재밌음 ㅋㅋㅋ 오늘부터 봐야겧네,전지적 독자 시점,747269,기다려지는
진짜 존잼ㅠㅠㅠㅠ 여윽시 전독시는 최고지,전지적 독자 시점,747269,기다려지는
와 소름돋는다 개오져,전지적 독자 시점,747269,소름돋는
그림체가 넘넘 멋있당 내용도 근데 좀 무섭 ,전지적 독자 시점,747269,그림체가 디테일한
와미친 소름돋음,전지적 독자 시점,747269,소름돋는
와 진짜 재밋다 ㄷㄷ,전지적 독자 시점,747269,기다려지는
ㅇㄴ 직쏘에 고사야 개소름돋어 ㅜㅠㅠㅠㅠ 잘 보고 갑니당,전지적 독자 시점,747269,소름돋는
너모재밋고,전지적 독자 시점,747269,기다려지는
이거보니까 영화 신이말하는대로의 달마인형 생각난다 ,전지적 독자 시점,747269,게임물
그리고 음  저 실루엣은 그 녀석 인데 비율이 와우다,전지적 독자 시점,747269,잘생긴
이거 진짜 개꿀잼 웹소살이니까요 한번씩 정주행 해보세연,전지적 독자 시점,747269,기다려지는
그림작가 성좌라는말 인정  진짜 상상 그대로야 ㅠㅠㅠㅠ,전지적 독자 시점,747269,그림체가 디테일한
이름을 말할 수 없는 미친 실루엣  댓글 진짜 공감된다 ,전지적 독자 시점,747269,잘생긴
근데 벌써부터 전개 속도 알아먹겠씀  이 작품은 몰아서 봐야할 것 같은 느낌적인 느낌,전지적 독자 시점,747269,기다려지는
지혜 잘생겼네,전지적 독자 시점,747269,잘생긴
그림 작가님 너무 잘 만나서 행복합니다ㅜㅠㅠㅜㅜㅜ현성이 허버허버 왕가남 최고ㅜㅜ ,전지적 독자 시점,747269,그림체가 디테일한
비형귀엽당,전지적 독자 시점,747269,그림체가 귀여운
와 완전 재밌어 ,전지적 독자 시점,747269,기다려지는
내가 이 웹툰 스포 안 당하려고 소설 이틀만에  화까지 달렸다  휴우  존잼이다  작화도 잘 어울리는듯 ㅎㅎ 근데 도깨비 이빨 넘 건치라서 당황스럽다  징그러워 ,전지적 독자 시점,747269,그림체가 디테일한
헐 어떻게 이런 재미있는 웹툰이 이제야 나올 수가 있지 대박이야,전지적 독자 시점,747269,기다려지는
우와 최곱니다,전지적 독자 시점,747269,기다려지는
한국판 신이 말하는 대로 인가 ,전지적 독자 시점,747269,게임물
오우 이지혜랑 이현성은 내가 생각했던 생김새랑 너무 비슷한데 ,전지적 독자 시점,747269,그림체가 디테일한
재밌네요,전지적 독자 시점,747269,기다려지는
아   아  너 너무 멋있다  어째 소설에서 상상하던 그 모습 그대로 나올수가 있어ㅜㅜㅜ 진짜 너무 치인다ㅜㅜㅜ,전지적 독자 시점,747269,잘생긴
도깨비 귀여웠ㄴ느데   너보고 소름이 끼쳤다,전지적 독자 시점,747269,그림체가 귀여운
이 그림작가님 전부터 봤는데 판타지웹툰 진짜 잘그리셔요 ㅜㅠ 표현천재심,전지적 독자 시점,747269,그림체가 디테일한
영화 신이 말하는대로 같네요,전지적 독자 시점,747269,게임물
무서워ㅠㅠ,전지적 독자 시점,747269,어두운
아 근데 좀 무섭다  와우 ,전지적 독자 시점,747269,어두운
일러스트 이쁘다,전지적 독자 시점,747269,그림체가 디테일한
작화 미쳤습니까 휴먼 ,전지적 독자 시점,747269,그림체가 디테일한
와 이게 나오다니 미쳤다 진짜 사랑합니다 그림체도 취저네요 와 진짜 사랑합니다 ,전지적 독자 시점,747269,그림체가 디테일한
비형은 갈수록 귀여워질거야,전지적 독자 시점,747269,그림체가 귀여운
우리 독자 못생긴거아니었냐고 ㅋㅋㅋㅋ큐ㅠㅠㅜㅜㅜㅜ 개잘생걌어어어어ㅓㅇ,전지적 독자 시점,747269,잘생긴
독자 얼굴 귀여워,전지적 독자 시점,747269,잘생긴
와 개잘생겼네 저도 도깨비가 되서 저기에 들어가면 독자 얼굴 실시간 구경 가능하나요,전지적 독자 시점,747269,잘생긴
막컷 도깨비 눈 쥰내 초롱초롱해ㅋㅋㅋㅋㅋ,전지적 독자 시점,747269,그림체가 귀여운
반년만 참았다 볼까봐요ㅠㅠㅎㅓㅇ헝 넘 재밌엉,전지적 독자 시점,747269,기다려지는
도깨비 마지막에 눈 똘망해지는 것 봐 솜뭉치가 저러니까 더 귀여워,전지적 독자 시점,747269,그림체가 귀여운
나혼렙 아류작인줄 알았는데 이것도 재밌네 ,전지적 독자 시점,747269,판타지물
막컷 보니까 너무 귀여워 ,전지적 독자 시점,747269,그림체가 귀여운
ㅋㅋ 귀여워,전지적 독자 시점,747269,그림체가 귀여운
마지막 도깨비 기여워 ,전지적 독자 시점,747269,그림체가 귀여운
막컷 왤케 귀여웤ㅋㅋㅋㅋ,전지적 독자 시점,747269,그림체가 귀여운
개겹군개귀엽다는 뜻임다,전지적 독자 시점,747269,그림체가 귀여운
도깨비비형 저눈빛은 마치 이성을 보고 첫눈에 반했을때 나오는 눈빛이자나 ,전지적 독자 시점,747269,
눈 초롱초롱 한거봐 개귀여워,전지적 독자 시점,747269,그림체가 귀여운
비형 귀여워ㅠ 눈 초롱초롱한 거 보세요ㅠㅠㅜㅜㅜ,전지적 독자 시점,747269,그림체가 귀여운
아닠ㅋㅋㅋㅋㅋ동심파괴처럼 그리다가 막컷보고 뿜었내 ㅋㅋㅋㅋ,전지적 독자 시점,747269,빵터지는
ㅋㅋ저도깨비기여워졋엌ㅋ,전지적 독자 시점,747269,그림체가 귀여운
어 개 귀여워서 씹어먹고싶다,전지적 독자 시점,747269,그림체가 귀여운
유중혁 재수없는데 엄청 잘생겼다,전지적 독자 시점,747269,잘생긴
캬  유중혁이 웃는걸 다 보네  멋진 자식  얼굴도 손도 아주 최고다 이쁘구나 유중혁  이후에 나올 애들도 기대된다ㅎㅎ,전지적 독자 시점,747269,잘생긴
미친 유중혁 얼굴천재,전지적 독자 시점,747269,잘생긴
중혁이  우리  완벽한 얼굴 ,전지적 독자 시점,747269,잘생긴
이 장면 어떻게나올지 궁금했는데 너무너무 좋다 김독자 떨어질때 따라 웃는것도 좋아,전지적 독자 시점,747269,
완결까지 잘 봤어요 재미있었어요 ,전지적 독자 시점,747269,기다려지는
유중혁존나잘생겼네,전지적 독자 시점,747269,잘생긴
유중혁 얼굴 실화냐  가슴이 웅장해진다 저얼굴로 김독자는 말아먹었지만 웃는 얼굴에 팬인 김독자도 감동햇을거다 ,전지적 독자 시점,747269,잘생긴
유중혁 이자식 잘생겼네 매번 느끼지만 잘생겼어 응 믿겠다 넌 예언자가 맞군 가슴에 새기세요 이 손 놓고 꺼져 이 빌어먹을 새끼야도 마음에 새기세요 이 대사를 떠올리면 당신의 심장이 뛰고 있음을 느낄겁니다,전지적 독자 시점,747269,잘생긴
아 근데 김독자 떨어질때 웃는거 존나 좋다ㅠㅠㅠ,전지적 독자 시점,747269,잘생긴
아 개잘생겼다 순간 심장잡고 엎어짐 저러니까 세계관최강외모지,전지적 독자 시점,747269,잘생긴
이거 볼때마다 느끼는데 그림체랑 스토리가 나 혼자만 레벨럽 느낌이남,전지적 독자 시점,747269,판타지물
개잘생김,전지적 독자 시점,747269,잘생긴
아 오진다 중혁이 얼굴 날이 갈수록 빛을 발하네,전지적 독자 시점,747269,잘생긴
진짜 존나 잘생겼네 ,전지적 독자 시점,747269,잘생긴
와 진짜 ㅈㄴ잘생겼네,전지적 독자 시점,747269,잘생긴
하 유중혁 진짜 와꾸대장이다 어떡하냐 ,전지적 독자 시점,747269,잘생긴
유중혁 와꾸가 미래다,전지적 독자 시점,747269,잘생긴
유중혁 개잘생겼다 진짜 ,전지적 독자 시점,747269,잘생긴
 년인동안 주  회 연재해야  편인데 ㄷㄷ,전지적 독자 시점,747269,기다려지는
아이고 이제 잘생긴 중혁이 얼굴 자주 나오는건가여 매주 수요일이 기대됩니다 ,전지적 독자 시점,747269,기다려지는
와 어떻게 효과음도 잘생겼어 ,전지적 독자 시점,747269,잘생긴
유중혁 와꾸 실화냐  ㄹㅇ가슴이 웅장해진다 ,전지적 독자 시점,747269,잘생긴
아 유중혁 잘생겼다 ,전지적 독자 시점,747269,잘생긴
하 잘생긴 얼굴은 하루에 한번씩은 봐줘야 함 ,전지적 독자 시점,747269,잘생긴
와 오졌다  유중혁 너무 잘생겼잖아요  들숨에 잘생겼고 날숨에 섹시한 남자  유중혁  그대만 보기 위해 쿠키를 구웠다고 너는 진짜 잘생김의  도 가 지나쳤고  너의 섹시함에 나를  미 쳐버리게 만드니까  너는  레 인 거야  응   레 가 아니라  파 인 건가  그래서  파 천황인 거고  역시 유중혁 천황의 외모가 남다르나니  그대의 외모는 모든 만물을 감탄시키게 만드는데 한 몫 하니라  세상이 그대로 인해 경천동지하니  그대는 경국지색이요  세상을 발 아래 두어 농락하는 패왕과도 같도다 주접 너무 떨었나 ,전지적 독자 시점,747269,잘생긴
어모 멋있어요 김 독 자씨 ,전지적 독자 시점,747269,잘생긴
다음화 내용을 생각하니까 벌써 심장이 존나게 뛰어오  유중혁 존나 잘생김 유중혁 얼굴이 개연성이다 최고다 유중혁  그리고 목 잡힌 채로 할 말 다하는 김독자 개웃김ㅋㅋㅋㅋ 웹툰 작가님 어디서 모셔왔는진 모르겠지만 연출 진짜 기깔나네요  속도를 보아하니 십년은 거뜬히 연재 가능할거같은데 기쁜 마음으로 함께 하겠습니다 꺄,전지적 독자 시점,747269,기다려지는
유중혁 내가 사랑한다 진짜 내가 너땜에 살지 누구땜에ㅜ사니 나 태어나서 이렇게 잘생긴 이름도 처음 들어봤너 중혁아 중혀가가각 ,전지적 독자 시점,747269,잘생긴
도깨비 넘 커여운거 아니요ㅠㅠㅠ 나주겅 ㅠㅠㅠ,전지적 독자 시점,747269,그림체가 귀여운
저 도깨비 나만 귀여워 ,전지적 독자 시점,747269,그림체가 귀여운
와 끊는거봨ㅋㅋㅋㅋ ㅠㅜㅜㅜ 담주 빨리어라ㅏ,전지적 독자 시점,747269,기다려지는
저 친구 어떻게 그리셨을지 궁금한데 끊기네 ㅠㅠ,전지적 독자 시점,747269,기다려지는
하 진짜 ㅈㄴ 잼있다,전지적 독자 시점,747269,기다려지는
미쳤다 진짜 여기서 끊으면 다음주까지 어케 기다려요오,전지적 독자 시점,747269,기다려지는
와  진짜 뭐지 이렇게 재밌는 웹툰은 진짜 오랜만이다 ,전지적 독자 시점,747269,기다려지는
진짜 재밌다 ,전지적 독자 시점,747269,기다려지는
하 다 알고있는데 여기서 끊는건 진짜 일주일동안 어떻게 자라고요 ,전지적 독자 시점,747269,기다려지는
비형 겁나 귀엽네 키우고 싶다 ,전지적 독자 시점,747269,그림체가 귀여운
귀만 봐도 잘생겼다,전지적 독자 시점,747269,잘생긴
책갈피 연출 미쳤다  말 그대로 책을 형상화했네,전지적 독자 시점,747269,그림체가 디테일한
발과 얼굴의  만으로도 알수있다 미남여부 ㅁ  컴온 컴온 ,전지적 독자 시점,747269,잘생긴
근데 독자 책갈피 쓰는 것 이렇게 멋질 일인가요  당연히 멋질 일이죠 우리 독자 너무 잘생겼다,전지적 독자 시점,747269,잘생긴
원작도 대단하지만 확실히 지금팀분들이 잘하시는것 같긴하다 그림으로 저렇게 하는것도 어려운데,전지적 독자 시점,747269,그림체가 디테일한
썸넬 도깨비 되게 기여웤ㅋㅋㅋㅋ,전지적 독자 시점,747269,그림체가 귀여운
여러분 소설 보세요 ㅈㄴ재밌습니댜,전지적 독자 시점,747269,기다려지는
하 진짜 존ㄴㄴㄴㄴ나 재밌다 ㅠㅠㅠㅠㅠ ㅠㅠ 책갈피 표현할때 책장 넘어가는 거 표현 너무 너무임 ㅠㅠㅠㅠㅠㅠ  ,전지적 독자 시점,747269,기다려지는
우와 책갈피 연출  소름돋았어요 ,전지적 독자 시점,747269,그림체가 디테일한
아 비형 겁나 귀엽다ㅜㅜ상상이상이야ㅜㅜ,전지적 독자 시점,747269,그림체가 귀여운
남운아  지금 할말은 아니지만 잘생겼구나 ,전지적 독자 시점,747269,잘생긴
아 다음주까지 언제 기다려 ,전지적 독자 시점,747269,기다려지는
하흑  심장 쫄려요ㅜㅜㅠ 근데 재밌어요ㅠㅠ,전지적 독자 시점,747269,기다려지는
오  흥미진진ㅋ,전지적 독자 시점,747269,기다려지는
완전 졸잼이다 이거 매주  번 연재히면 안되나,전지적 독자 시점,747269,기다려지는
ㅏㅏㅏㅏㅏㅏㅏㅏㅏㅏㅏㅏㅏ 다음화ㅏㅏㅏ,전지적 독자 시점,747269,기다려지는
진짜 귀여운 모습하다가 웃는거 섬뜩하네 ㄷㄷ,전지적 독자 시점,747269,어두운
엄청나게 고퀄로 그려주셔서 소설을 영화처럼 생생하게 다시 보는것 같아요  그림작가님들 짱  감사해요 ,전지적 독자 시점,747269,그림체가 디테일한
아 이거 괜히 봤다 아껴놨다가  년 있다볼걸 느낌이 나혼업이랑 비슷해서 재밌메 ,전지적 독자 시점,747269,판타지물
유중혁 얼마나 잘생겼는지 보고싶은데 언제 나오려나 ㅠ,전지적 독자 시점,747269,잘생긴
작화 죽인다 굿굿,전지적 독자 시점,747269,그림체가 디테일한
열라 재밌옹 ,전지적 독자 시점,747269,기다려지는
와  웹툰 퀄리티 봐 ,전지적 독자 시점,747269,그림체가 디테일한
와 진짜 개꿀잼이다ㅠㅠㅜㅠㅜ,전지적 독자 시점,747269,기다려지는
기브 미 다음화 ,전지적 독자 시점,747269,기다려지는
긴고아의 죄수면 손오공  최강인데 ,전지적 독자 시점,747269,판타지물
그림진짜 지린다 ,전지적 독자 시점,747269,그림체가 디테일한
아니 난 어느 만화든 제천대성이 너무 좋아ㅜㅜ,전지적 독자 시점,747269,판타지물
우리엘 손 너무 예쁘다 ,전지적 독자 시점,747269,판타지물
제천대성 저정도면 레알 털복숭안데 아니지털복숭이라고 해야되나,전지적 독자 시점,747269,판타지물
우리엘 제천대성  ㅠㅠ,전지적 독자 시점,747269,판타지물
여러분 재천대성 ㅈㄴ쌔요 ㄹㅇ,전지적 독자 시점,747269,판타지물
진짜 작화 죽인다  이렇게 매주 어떻게 그려요 ,전지적 독자 시점,747269,그림체가 디테일한
그니까 성좌라는 대단한 것들이 지금 유튜브 같은 거나 보면서 낄낄대고 후원하고 있다는 건가,전지적 독자 시점,747269,판타지물
ㅋㅌㅋㅌㅋㅋ진짜 작화고 스토리고 개좋다 내 취향 은근 터지는것도 있고 진짜 너무 좋음 그나저나 그럼 독자는 제천대성 고른건가 왜 흥미로운 선택이지 아니 난 긴고아 읽자마자 손오공이구나 했어 ㅎㅎ,전지적 독자 시점,747269,그림체가 디테일한
스포 봐도 이해가 안되네 인간이 성좌가 될 수 있다는거임 ,전지적 독자 시점,747269,판타지물
우리엘 지렸다 ,전지적 독자 시점,747269,판타지물
독자 흐릿한듯 잘생긴거 최고,전지적 독자 시점,747269,잘생긴
와 성좌방송을 저렇게 표현했구나  대박이다,전지적 독자 시점,747269,판타지물
진모리 생각나네 제천대성  주인,전지적 독자 시점,747269,판타지물
리얼 개재밌다,전지적 독자 시점,747269,기다려지는
이제 다음화가 나오기에 몇일만 지나면  두근두근 ㅠㅠ,전지적 독자 시점,747269,기다려지는
와 원작이 진심 범접못할정도여서 에이 전독시는 웹툰이나 애니로 안나오지  했는데 그걸 표현하네 진심 개소름 그림작가님완전 소름ㅎㄷㄷ 표현력이 장난아니네,전지적 독자 시점,747269,그림체가 디테일한
다음편주세요 ,전지적 독자 시점,747269,기다려지는
지렷다 ㅠㅜㅜㅜ하 작가님 고생하시는거 잘 알지만다음화가 시급해요 ㅠㅠㅠ아니 사실 완결이 시급해요 ㅠㅠㅠㅠㅠ빨리 다 보고싶어요 ㅠㅠ,전지적 독자 시점,747269,기다려지는
진짜 하루에 한번씩 언제 올라오나 들락날락 거리고 있음ㅋㅋㅋㅋ 화요일  시 언제 와 ,전지적 독자 시점,747269,기다려지는
쥰내 재밌구먼 ,전지적 독자 시점,747269,기다려지는
연출 너무 잘그려주시는듯 누가 웹툰 완결난 뒤에 다시 깨워줬으면,전지적 독자 시점,747269,기다려지는
유쯍 발만나와도 잘생김,전지적 독자 시점,747269,잘생긴
유중혁 간지가 보통 간지가 아닌데  역시 저 정도는 되어야 주인공 자리에 오를수 있는건가,전지적 독자 시점,747269,먼치킨인
와 유중혁 얼굴   ㄹㅇ루다가 최고의 장인이 천 년동안 빚어 만들어낸 걸작을 뛰어넘는 외모다 ,전지적 독자 시점,747269,잘생긴
중혁아 오랜만에 보니 더 잘생겼다,전지적 독자 시점,747269,잘생긴
오 저 잘생긴 애 언제쯤 다시 나오나 했다돌아왔구나 유태식이 ,전지적 독자 시점,747269,잘생긴
중혁이 얼굴이 나라네 오랜만에 봐도 잘생겼어 ,전지적 독자 시점,747269,잘생긴
여러분 오늘 독자 청순섹시미 미쳣네요,전지적 독자 시점,747269,잘생긴
마지막에 유중혁 분위기 봐 나는 태어나길 잘했ㄷㅏ,전지적 독자 시점,747269,잘생긴
와 유중혁 진짜 멋있다,전지적 독자 시점,747269,잘생긴
비형 진ㅁ자 너 왤케 귀여움  날 죽이려는 게 확실해 저 말랑말랑보들보들 털뭉치를 좀 보라구 ,전지적 독자 시점,747269,그림체가 귀여운
도깨비 통신에 도트형식으로 되어있는 비형 너무 귀엽다ㅜ,전지적 독자 시점,747269,그림체가 귀여운
 성좌   화요일 밤을 기다리는 눈 이  긴고아의 죄수 의 머리털은 멀쩡하냐고 묻습니다 ,전지적 독자 시점,747269,판타지물
ㅋㅋㅋㅋㅋ ㄱㅇㄱ 독자 너무 잘생겻당,전지적 독자 시점,747269,잘생긴
와  정말 재밌네요  지렸다는 말이 절로 나옵니다 ,전지적 독자 시점,747269,기다려지는
진짜 어디서 데려온 웹툰 작가님들이지 ㄷㄷ 실력이 어마어마하시네요 너무 소름돋게 잘 표현함 ,전지적 독자 시점,747269,소름돋는
아 소름 돋아 ,전지적 독자 시점,747269,소름돋는
와  진짜 소설로 볼때는 그냥 오오 재밌다 정도였는데 지금은 대박이다  웹툰 연출 너무 대규모 온라인 게임같고 좋아요,전지적 독자 시점,747269,게임물
슬픈내용도 아닌데 너무 그림멋지고 스토리 좋아서 눈물남 ,전지적 독자 시점,747269,그림체가 디테일한
 성좌 이야기를 모두읽은자가 자신은 스포에 데미지를 입지않는다고 말합니다 ,전지적 독자 시점,747269,판타지물
스포지만 긴고아는 탈모입니다,전지적 독자 시점,747269,판타지물
성좌 긴고아의 죄수가 역시 주인공이네,전지적 독자 시점,747269,판타지물
크 소름 돋았다 머리부터 발끝까지 ,전지적 독자 시점,747269,소름돋는
사이다 ,전지적 독자 시점,747269,사이다인
밑에서  번째 컷 우리 독자 속눈썹 길게 나온것좀 보세요 진짜 예뻐,전지적 독자 시점,747269,
 성좌 전독시 최고가 최고라고 외칩니다 ,전지적 독자 시점,747269,판타지물
ㅇㄴ 작가님 너무재밌어서어떡해요  하  ㄹㅇ ,전지적 독자 시점,747269,기다려지는
도깨비가 가면갈수록 기여워지넹ㅋㅋ이때까지 본 웹툰중에 제일로재미있어욧 ,전지적 독자 시점,747269,그림체가 귀여운
캬 사이다  지하철에서 뭐 메뚜기 알을 나누네 마네 했던 사람들 보고있냐 ,전지적 독자 시점,747269,사이다인
오빠 멋있어,전지적 독자 시점,747269,잘생긴
독자갓 ㅠㅠㅠㅠ 개멋져 진짜ㅠㅠ 다음화는 드디어 희원누님 특성개화 볼 수 있겠죠 ㅠㅠ,전지적 독자 시점,747269,기다려지는
다음주  다음주다  다들 하기스 매직팬티 주문해두라고 ,전지적 독자 시점,747269,기다려지는
이정도면 내가 좋아하는 장면중 하나가 다담주에 나올라나,전지적 독자 시점,747269,기다려지는
성좌들 진짜 귀엽네 ㅋㅋㅋ,전지적 독자 시점,747269,판타지물
웹소설 원래 잘 안 보는데 웹툰이 너무 재밌어서 보러갔더니 하루만에  화 순삭  웹툰이랑 소설 둘다 다른 느낌으로 재밌어서 행복해 진짜 졸라 재밌어 뒷부분도 빨리 웹툰으로도 보고싶다 후하후ㅏㅎ후하후 작가님 연출 너무 재밌어 행복해 심지어 작화도 좋아서 저 독자 얼굴 볼 때마다 설레서 죽었잖아요 지금 아 진짜 사랑합니다 그림 그려주셔서 감사해요 엉엉,전지적 독자 시점,747269,기다려지는
진짜 작화 연출 전개 미쳤어요  이런 고퀄리티를 매주 볼 수 있다니 너무 감사합니다  작업 파이팅입니다 작가님 ㅠㅠ,전지적 독자 시점,747269,그림체가 디테일한
길영아 이모 심장아파 죽겠다 너무 귀엽잖니ㅜㅠ,전지적 독자 시점,747269,그림체가 귀여운
성좌들 하나같이 매력터지넼ㅋㅋㅋㅋ 진짴ㅋㅋㅋㅋ,전지적 독자 시점,747269,판타지물
 극소수의 성좌들이 숨을 죽입니다   진짜 성좌들 보면 볼수록 귀여움ㅋㅋ ㅋ ㅋㅋ ㅋㅋㅋ ㅋ ㅋㅋㅋ ㅋ덕분에 같이 숨죽였잖어ㅋ ㅋㅋㅋ ㅋㅋ,전지적 독자 시점,747269,판타지물
잘생겼어 ,전지적 독자 시점,747269,잘생긴
개꿀잼이네 ㅋㅋㅋㅋㅋㅋㅋㅋㅋㅋ ,전지적 독자 시점,747269,기다려지는
쿠키는 얼마든지 줄게 얼른   얼른   다음   화,전지적 독자 시점,747269,기다려지는
진짜 개재미있음 레알 안보면 손해다,전지적 독자 시점,747269,기다려지는
은밀한 모략가가 더 재밌던데 ㅋㅋㅋ,전지적 독자 시점,747269,판타지물
와 퀄리티가 ㄷㄷ 네이버  대 작화에 뜨겠네 ,전지적 독자 시점,747269,그림체가 디테일한
와 디버프제거도있어 사기스킬이긴하네 ㅋㅋ,전지적 독자 시점,747269,먼치킨인
 성좌    단행본을 기다리는 흑우  가 소설을 꼭 읽으라고 말합니다 ,전지적 독자 시점,747269,판타지물
예정된  고구마에 분개합니다 ,전지적 독자 시점,747269,고구마인
그 와중에 마지막 일러에 토끼 비형 커엽,전지적 독자 시점,747269,그림체가 귀여운
작가님 동물 곤충 참 잘그리시네요 ,전지적 독자 시점,747269,그림체가 디테일한
예정된 고구마에 분개한대 ㅋㅋㅋ,전지적 독자 시점,747269,고구마인
진짜 작화 너무 좋아요 ㅜㅜ 한 칸 한 칸을 아껴서 보는 몇 안되는 웹툰 중 하나입니다 ㅠㅠ,전지적 독자 시점,747269,그림체가 디테일한
한명오 진짜 도움 안됔ㅋㅋㅋ,전지적 독자 시점,747269,고구마인
부장님 잘가요 ㅋㅋㅋㅋㅋ 아 고구마에 사이다네다네  다메다메 ,전지적 독자 시점,747269,사이다인
 성좌 쿠키를 굽는 검은 소 가 같은 동료인 화요일 밤을 기다리는 눈 을 부릅니다 ,전지적 독자 시점,747269,판타지물
와 진짜 독자 카리스마 철철 넘친다 진짜 멸살법 찐덕후같아 누가 언제나오고 특성 하나하나 알고있고 진짜 미친다 다음화가 너무 보고싶어요,전지적 독자 시점,747269,기다려지는
진짜 잘생겼음 또 반함,전지적 독자 시점,747269,잘생긴
 성좌 쿠키 굽는 흑우가 다음 편에 관심을 보입니다 띠링  미션 다음 편이 나올 때까지 존버타시오 보상 재밌는 멸살법 다음 편실패시 ,전지적 독자 시점,747269,판타지물
독자 머리 좋다 진짜  이건 소설을 한 번 봤다고 해서 할 수 있는 행동이 아님 원래도 머리 좋은가봐 부럽다,전지적 독자 시점,747269,똑똑한
존잼이네,전지적 독자 시점,747269,기다려지는
식량 사라지는거 은근 사이다,전지적 독자 시점,747269,사이다인
길영이ㅠㅠㅠㅠ 초코바까지 계산하구 애가 아주 똑부러져  ,전지적 독자 시점,747269,똑똑한
 성좌   전독시 독자들 이 다음화를 빨리 보고싶어합니다 ,전지적 독자 시점,747269,기다려지는
 독자는 똑똑하자 도깨비는 귀엽다 은밀한 모략가는 관종이다 번은 개인주의야 인호도 개인주의야,전지적 독자 시점,747269,똑똑한
헐 전독시 처음보는데 내용 진짜 재밌어요  ,전지적 독자 시점,747269,기다려지는
재밌어욤,전지적 독자 시점,747269,기다려지는
근데 독자 넘 귀엽게 생겨써  아앗 안돼 이 얼빠 ,전지적 독자 시점,747269,잘생긴
재밌어 ㅠㅠㅠㅠㅠㅠ,전지적 독자 시점,747269,기다려지는
오 소름,전지적 독자 시점,747269,소름돋는
작화가 미침 독자 원작에서는 못생겼다고 나왔는데 왜케 잘생겼냐  ,전지적 독자 시점,747269,잘생긴
김독자   코인얼마면 다음화 볼 수 있는거냐 ,전지적 독자 시점,747269,기다려지는
이렇게 재밌어도 되는거냐 ,전지적 독자 시점,747269,기다려지는
천인호 웹툰으로보니 생각보다 잘생겼네 ㅋㅋ,전지적 독자 시점,747269,잘생긴
으윽 고구마 ㅜㅜ빨리 사이다가 필요해 그래도 재밌다ㅎ,전지적 독자 시점,747269,고구마인
다음화 주세요 ㅜㅜ 진짜 재밌어요 웹툰이 이렇게 재밌는데 소설은 얼마나 재밌을지 기대되네요 독 자 짱,전지적 독자 시점,747269,기다려지는
어쩜   소설도 잼나는데 만화도 있는그대로 겁나 잘 그려서 행복 ,전지적 독자 시점,747269,그림체가 디테일한
근데 진짜 저런 인간들 개 역겹다,전지적 독자 시점,747269,어두운
말은 하지 않았지만 모두 첫번째 시나리오를 걸쳐 온 사람들이라는 게 제일 소름돋는다 저기서 비겁하게 굴든 위선을 떨든 결국 첫번째 시나리오를 통해 본인이 살아남으려고 다른 사람을 죽이고 올라 온 사실이라는 건 변하지 않을거니까,전지적 독자 시점,747269,어두운
내가 이래서 인간이 싫어  들이 왜 계속 ㅈㄹ들일까 역겹네 시발 ,전지적 독자 시점,747269,어두운
전독시 초기 파트는 내가 개인적으로 젤 좋아한 파트임  읽다 보면 뭔가 전율하게 되는 그런 게 있음 ,전지적 독자 시점,747269,소름돋는
다음화가 절실해요ㅜㅡㅜ,전지적 독자 시점,747269,기다려지는
이현성이 뭐랄까 주인을 기다리는 대형견 같달까 그냥 귀엽다구요 ,전지적 독자 시점,747269,
중혁이는 뒷모습만봐도 잘생겼다,전지적 독자 시점,747269,잘생긴
와 진짜 그림으로 보니까 고구마  개는 먹은것같다독자는 어떻게 저 상황에서 머리굴려 탈출할까 ,전지적 독자 시점,747269,고구마인
독자 손 왜케 커  소설 속의 쪼잔한 독자맞냐ㅠㅠㅠㅠ 얼굴은 왜케 잘생겼어ㅠㅠㅠ,전지적 독자 시점,747269,잘생긴
눈 땡그래ㅠㅠㅠ귀여워미쳐,전지적 독자 시점,747269,그림체가 귀여운
독자 존나 멋있네,전지적 독자 시점,747269,잘생긴
김독자 플러팅 오진다 ,전지적 독자 시점,747269,똑똑한
와 그냥 보고 있었는데 이곳의 모든 인간은 살인자다 읽은 순간 소름,전지적 독자 시점,747269,소름돋는
넘 재밌다 진짜 원작소설스토리도 탄탄한만큼 웹툰 퀄리티도 좋게돼서 진짜 다행이네,전지적 독자 시점,747269,그림체가 디테일한
뭐지 천인호 생각보다 잘생김  ,전지적 독자 시점,747269,잘생긴
길영이가 독자 따르는 거 너무 귀여워 ㅋㅋ큐큐ㅠ 마치 새끼 오리가 어미 오리 따르는 것 같앸ㅋㅋ큐큐ㅠㅠㅠ,전지적 독자 시점,747269,그림체가 귀여운
길영이 김독자 보자마자 독자 품에 포옥하고 안기는거 귀여워ㅠㅜㅜ,전지적 독자 시점,747269,그림체가 귀여운
중혁아 네 얼굴이 안 나와도 잘생겼다잘생겼다 유중혁  네가 미 그 자체다 ,전지적 독자 시점,747269,잘생긴
와 천인호 잘생겼네 안경쓰고 수트입고있을줄알았는데 정희원은 빨강머리일줄 암ㅋㅋㅋ 근데 이거도 너뮤 좋당 헷,전지적 독자 시점,747269,잘생긴
현성씨 그렁그렁 너무 귀엽다 ㅠ,전지적 독자 시점,747269,그림체가 귀여운
독자 진짜 잘생겼다 매번 느낌,전지적 독자 시점,747269,잘생긴
와 작가님 이렇게 빨리 올라오기면 좋아할줄 아시죠 사랑합니다 ,전지적 독자 시점,747269,기다려지는
어우 독자 멋져  눈부셔  최고야 ,전지적 독자 시점,747269,잘생긴
와  이번화는 진짜 아포칼립스 느낌난다 소름돋아 ,전지적 독자 시점,747269,소름돋는
중혁아 너는 뒷모습만으로 나의 심장을 때리는구나 역시 중혁이는 뭔가 다르네 정말 대단한 재능이라 생각해  사랑해 유중혁 ,전지적 독자 시점,747269,
아 길영이 개 귀엽다 진짜ㅋㅋㅋㅋㅎ,전지적 독자 시점,747269,그림체가 귀여운
와 개멋있어,전지적 독자 시점,747269,잘생긴
와 겁나 멋있어 세상에,전지적 독자 시점,747269,잘생긴
흑흑 중간에 애기독자 너무 귀여워,전지적 독자 시점,747269,그림체가 귀여운
대충 보다가 점점 재밌어지는것 같아서 다시 정주행 하는중 재미있고 스토리 탄탄한것 갔고 작화 좋은거 정말좋아하는데 특히나 작화도 작붕 없고 날림체도 아니고 제대로여서 마음에 든다 ,전지적 독자 시점,747269,기다려지는
스토리며 작화며 연출이며 뭐하나 손색없이 완벽한 웹툰 ,전지적 독자 시점,747269,기다려지는
보면볼수록 나혼렙에 성진우 닮았네,전지적 독자 시점,747269,판타지물
와 나 소름돋았네 나혼렙 스튜디오에서 그림 그린거였누,전지적 독자 시점,747269,판타지물
성좌들 귀엽누,전지적 독자 시점,747269,판타지물
여기에 미성년자인 성좌는 없겠지 이대사 진짜 너무 분위기 오졌었음잔인한거 나오니까 그런건데 진짜오짐,전지적 독자 시점,747269,판타지물
독자가 이렇게 멋있게 나오네 ,전지적 독자 시점,747269,잘생긴
저런 사람이 백발되면  와우 상상만 해도 개머싰네,전지적 독자 시점,747269,잘생긴
독자 조은나 잘생김,전지적 독자 시점,747269,잘생긴
와 작화님 근데 진짜 대박이다 생각하는 그대로 그릴 수 있는 능력이라도 있으신가 ,전지적 독자 시점,747269,그림체가 디테일한
드디어 나왔네ㅠㅠ,전지적 독자 시점,747269,기다려지는
존나 멋져,전지적 독자 시점,747269,잘생긴
너무 재밌다 네이버웹툰에서 제일 재밌어요ㅠㅠㅠ,전지적 독자 시점,747269,기다려지는
아 ㅋㅋ난 김독자가 구원의마왕이라는 성좌될줄은 ㄹㅇ몰랐다,전지적 독자 시점,747269,판타지물
와 이거 진짜 재밌다ㅠㅠㅠㅠ,전지적 독자 시점,747269,기다려지는
재밌어보여서 소설 다 봤는데 스토리도 탄탄 슬프기도하고 떡밥 회수도 좋고 진짜 만족하면서 재밌게봤어요 추천함 ,전지적 독자 시점,747269,기다려지는
진짜 소설 꼭 보세요  만원 주고 볼 가치가 있습니다 ,전지적 독자 시점,747269,기다려지는
오늘도 독자는 잘생겼다,전지적 독자 시점,747269,잘생긴
나혼렙을 정주해하니까  전독시랑 나혼렙이랑 도굴왕  개외에는 눈에 들어오지 않기 시작했다 ,전지적 독자 시점,747269,판타지물
김독자무려 카리오의 제자이며 명계의 후계자이며그리고 김독자컴퍼니를 만들어 무려 성마대전 서유기등등작은 성운이 쓸어버렸다고 그리고 거대설화 기 승 전 결을 완성했다고 ,전지적 독자 시점,747269,먼치킨인
님들 은밀한모략가인생 들어보면 ㅈㄴ슬픕니다 ㅠㅠ,전지적 독자 시점,747269,판타지물
멸살법 멸망한 세계에서 살아남는 세 가지방법 유중혁 주인공 패왕 초월자들의 왕 장하영 나중에 동료됨 환생자들의 왕 석존인가 부처 유중혁은 결말에 갔지만 동료가 다 뒤짐,전지적 독자 시점,747269,판타지물
그리고 명계의 후계자가 됨 신화급 성좌 하데스 신화급 성좌과 무엇이냐 하데스 포세이돈이런 왕같은절대적인힘이 신화급 성좌이다 제우스는 결말을 봄그리고 은밀한 모략가는 거의 최종보스,전지적 독자 시점,747269,판타지물
김독자개잘생김  우리오빠 최고야,전지적 독자 시점,747269,잘생긴
독자 잘생겼다 ,전지적 독자 시점,747269,잘생긴
독자 너무 잘생겼닿,전지적 독자 시점,747269,잘생긴
독자 ㄹㅇ 멋있네,전지적 독자 시점,747269,잘생긴
근데  소설보다 못할 수 밖에 없는게 소설이  화가넘는데 ㅠㅠ 어떻게 소설만큼의퀄리티를뽑아요  소설만큼의 퀄리티 낼려면 적어도 휴재없이  년은 연재해야된다고 ,전지적 독자 시점,747269,그림체가 디테일한
구원의마왕 가장오래된꿈 빛과 어둠의 감시자 맞나 ,전지적 독자 시점,747269,판타지물
ㅇㄴ 김독자 개잘생김 사랑해 오파,전지적 독자 시점,747269,잘생긴
제 최에 작 ㅠㅠㅠ,전지적 독자 시점,747269,기다려지는
아 이웹툰 너무 재밌어ㅜㅜ,전지적 독자 시점,747269,기다려지는
멋있다 김독자 ,전지적 독자 시점,747269,잘생긴
아진짜도깨비너무귀여워,전지적 독자 시점,747269,그림체가 귀여운
소설도 레알 존잼입니다웹툰만큼 몰입이 잘 되고요웹툰을 보고 소설을 후에 읽어서 그런지 글자를 읽을 때마다 웹툰 장면이 떠올라서 더 재밌습니다,전지적 독자 시점,747269,기다려지는
그림체 갈수록 예뻐지네여,전지적 독자 시점,747269,그림체가 디테일한
웹툰 중에 원작 소설 이렇게 잘 표현한 건 이게 처음이다 이것도 몇백편 모아놨다가 봤어야 했는데 ,전지적 독자 시점,747269,그림체가 디테일한
하 독자 존나 잘생겼어 희원이 언니 왔구나  언니이  아 됐고 독자가 짱이야 존나 멋있고 존나 잘생겼어 누가 우리 독자 못생겼다 그랬어 어  나와,전지적 독자 시점,747269,잘생긴
하 진짜 너무 재밋다 재밋어서 미침,전지적 독자 시점,747269,기다려지는
전독시  볼때마다  느끼는  건데  다크소울 설정이랑 닮은  것 같음,전지적 독자 시점,747269,판타지물
소설읽어서 내용알아도 웹툰의 연출과 그림으로 즐겁게 읽으니 너무 좋네요ㅠㅠ따흑 작가님 감사해요,전지적 독자 시점,747269,그림체가 디테일한
성좌가 현실에서의 독자들이랑 비슷한 위치 아니냐 ,전지적 독자 시점,747269,판타지물
독자 기럭지 쩐ㄷ,전지적 독자 시점,747269,잘생긴
귀여운 우리엘도 보고 싶다,전지적 독자 시점,747269,판타지물
와 정희원 전설 이제 시작하누 우리엘 빨랑 보고 싶당 ㅠㅠ,전지적 독자 시점,747269,판타지물
멋있다 김독자  ,전지적 독자 시점,747269,잘생긴
독자야 너 너무 예뻐 ㅠㅠ 입에 물고있는거 심각하ㄱ 졸귀다 진짜 ,전지적 독자 시점,747269,잘생긴
주인공이 참 잘생기고 쿨해서 좋다 흐흐흫 흫,전지적 독자 시점,747269,잘생긴
잡배의군주  ㅋㅋㅋㅋㅋㅋ  골라도 어울리는 거  너무  잘  골랐어,전지적 독자 시점,747269,판타지물
성좌 이리치카 이바다 님께서 아주 즐거워합니다 ,전지적 독자 시점,747269,판타지물
그냥 이 그림작가분이 소설 느낌도 잘살리고 퀄리티도 좋아서 너무 보는맛이 있는듯 원작읽을때 상상하던거보다 훨 재밌음 ㄹㅇ루,전지적 독자 시점,747269,그림체가 디테일한
나혼렙이나 전독시 애니화하면 작화진들 힘들건데,전지적 독자 시점,747269,판타지물
와 하도 주변에서 전독시 전독시 하길래 처음 봤는데 흡입력 장난없네요  소설도 함 봐야겠습니다  진짜 재밌다,전지적 독자 시점,747269,기다려지는
근데 존잘,전지적 독자 시점,747269,잘생긴
앞으로가 기대된다,전지적 독자 시점,747269,기다려지는
김독자 귀엽고 섹시하고 멋지고 다하네,전지적 독자 시점,747269,잘생긴
진짜 독자 볼 때마다 넘 잘생겨서 놀래,전지적 독자 시점,747269,잘생긴
난 김독자가 마왕될줄은 몰랐다 ㄹㅇ,전지적 독자 시점,747269,판타지물
아 ㅋㅋ난 은밀한 모략가가 유중혁일줄은 몰랐지,전지적 독자 시점,747269,판타지물
나혼렙처럼 너무 재미지다,전지적 독자 시점,747269,판타지물
점점 더 잘생겨진다 ,전지적 독자 시점,747269,잘생긴
이거 개꿀잼인데  오늘 이거 첨부터 여기까지봄,전지적 독자 시점,747269,기다려지는
여자분 그림체 너무 아름다워요 와ㅏㅏ아아아 소설때 상상한거랑 다른데 너무 맘에 드러요,전지적 독자 시점,747269,그림체가 디테일한
독자씨 사랑해요 얼굴이 오늘도 열일했네요,전지적 독자 시점,747269,잘생긴
그림 너무 잘그려요,전지적 독자 시점,747269,그림체가 디테일한
독자 존잘 미쳤다,전지적 독자 시점,747269,잘생긴
독자 표정 겁나 섹시해,전지적 독자 시점,747269,잘생긴
히 재밌당,전지적 독자 시점,747269,기다려지는
잡배의 군주ㅋㅋㅋㅋㅋㅋㅋㅋ 대박이다ㅋㅋㅋㅋㅋㅋㅋㅋㅋㅋ,전지적 독자 시점,747269,판타지물
독자 왤케 잘생겼어 ,전지적 독자 시점,747269,잘생긴
오늘 나온 여자를 구한건 단순한 도덕심이 맞습니다 어쩌면 절대선 계통 성좌들의 후원을 노린걸수도 있겠지만 후원이 있었다고 나오지는 않았습니다 그리고 처음 모습을 묘사할 때  상의는 반쯤 벗겨져 있었고 치마의 실밥은 조금 뜯어져 있었다 라고 나와 있는데 어떤 의민진 각자 추정해보시기 바랍니다,전지적 독자 시점,747269,판타지물
진짜 그림작가님 최고ㅠ 내가 상상했던 딱 그 모습으로 김독자를 그려주셨어요ㅠㅠ엉엉 날가져요  그래요 소설에선 다 우리 독자가 오징어급으로 못생겼다고 그러는데 아니였다고요ㅠ 그냥 같이 다니는 니네들이 다 넘사벽이고 우리 독자는 그냥 넘사벽을 넘을까말까하는거였다고ㅠ,전지적 독자 시점,747269,그림체가 디테일한
라쿤님 그건 제  의벽 때문일겁니다 제  의벽이란 연극에서 연기자와 관객 사이에 있는 벽으로 서로가 서로를 인지하지도 간섭하지도 못하게 하는 것을 뜻합니다 김독자는 제  의벽 스킬로 인해 책을 읽거나 연극을 보는 것처럼 인식을 하기 때문에 더 침착하고 고통에 둔감해지고 결단력이 높아지는 것입니다 마치 축구경기나 게임 경기를 볼 때 나였으면 어떻게 하겠다는 계획이나 생각이 술술 나오듯이요,전지적 독자 시점,747269,판타지물
독자ㅠ왤캐 섹시해요       ,전지적 독자 시점,747269,잘생긴
와 ㅈ나 멋있다  남자가 봐도 멋있음 ,전지적 독자 시점,747269,잘생긴
넘 잘생겼다잉,전지적 독자 시점,747269,잘생긴
ㄷ 다음화  걍보자 에이  ㅎㅎ,전지적 독자 시점,747269,기다려지는
다음화가 있는곳으로 안내해,전지적 독자 시점,747269,기다려지는
 ㅡ 이분은 거의 모든 판타지웹툰을 다 보시는듯 베도에도 있음 ㅎㄷㄷㄷ,전지적 독자 시점,747269,판타지물
독자 오빠  섹쉬해  겁나 좋쿤 ,전지적 독자 시점,747269,잘생긴
 성좌   뒷이야기를 알고있는 검은소 가 미소를 짓습니다 ,전지적 독자 시점,747269,판타지물
개잘생겼어 사랑해요 독자님,전지적 독자 시점,747269,잘생긴
날 다음화로 안내해,전지적 독자 시점,747269,기다려지는
독자얼굴 소설 최근화 끝까지 잘 보신분들은 오징어 얘기안합니다 어물쩡 보시고 말 ㄴㄴ  후반부에 얼굴에 관한 이야기 다시 나옵니다근데 여기선 애초에 잘생긴 얼굴을 보여주고 시작해서 성좌명이나 별명들 어떻게 다시 설정할지 궁금하네요 ,전지적 독자 시점,747269,잘생긴
ㅈㄴ잘생겼네,전지적 독자 시점,747269,잘생긴
진짜 소설  화인데도불구하고 내용산으로안가고 처음부터 끝까지 재밌음 꼭보셈,전지적 독자 시점,747269,기다려지는
허파 물고있는거 완전 귀엽다 ,전지적 독자 시점,747269,그림체가 귀여운
완결까지 한번에 보고싶다 ,전지적 독자 시점,747269,기다려지는
  막컷 무셔  ㄷㄷㄷㄷㄷ 써늘하게 빡친게 느껴져서 더 무셨  ,전지적 독자 시점,747269,어두운
소설  화 살 가치 충분히 있고요 앞으로 나오는 여캐들도 많고 묘사가 다 잘생기고 예쁩니다,전지적 독자 시점,747269,잘생긴
와 너무 재밋어요,전지적 독자 시점,747269,기다려지는
독자 너무 잘생겼다 이번편 특히 뭔가 섹시하게 나왔어 ,전지적 독자 시점,747269,잘생긴
성좌들이 빠른전개를 방해하는 훼방꾼의 등장에 크게 분개하였습니다 나만 웃기냐 ㅋㅋㅋㅋㅋ,전지적 독자 시점,747269,판타지물
아 이와중에 진심 잘생겼네 잘생겼다 김독자 ,전지적 독자 시점,747269,잘생긴
정희원 후반부 작화 쌉기대되누,전지적 독자 시점,747269,그림체가 디테일한
여행가자님 아무리 그래도 여기서 그런얘기 하시는건 좀 그렇네요 나혼렙은 카카오 꺼고 여긴 네이버잖아요 그리고 나혼렙 소설 다 본 사람으로서 저는 나혼렙보다 전독시가 더 재밌었습니다  물론 사람마다 다르지만 그렇다고 간식같은 만화라느니 그런말은 삼가해주셨으면 합니다 ,전지적 독자 시점,747269,판타지물
와 오빠 존나 멋있어,전지적 독자 시점,747269,잘생긴
우리 독자 곱고 귀엽고 섹시해  중간에 유중혁처럼 말해보기 찐덕후의 귀여움ㅋㅋㅋㅋㅋㅋ,전지적 독자 시점,747269,잘생긴
김독자 얼굴 오진다ㅠㅠ 이게 삶이다ㅠㅠ,전지적 독자 시점,747269,잘생긴
생각보다 더 이쁘게 잘 그렸다,전지적 독자 시점,747269,그림체가 디테일한
독자 허파 물고 있는거 귀여워 ,전지적 독자 시점,747269,그림체가 귀여운
흐어엉ㄹ 독자야 오늘도 예쁘다ㅠㅠㅠㅠㅠㅠ,전지적 독자 시점,747269,잘생긴
오늘 김독자 지읒니은 귀여워 ,전지적 독자 시점,747269,그림체가 귀여운
내 최애 희원이 잘 그렸다  작가님 짱,전지적 독자 시점,747269,그림체가 디테일한
완결작 보고 난뒤 이거 봤는데 무의식으로 다음화 눌렀었음 ㄷㄷ,전지적 독자 시점,747269,기다려지는
유중혁 따라하기 또 봐도 웃기네ㅋㅋㅋㅋ,전지적 독자 시점,747269,빵터지는
오늘도 김독자 쥰내 잘생기셨네ㅎㄷㄷ,전지적 독자 시점,747269,잘생긴
독자 검정 셔츠 개잘어울려 존나 잘생겼네,전지적 독자 시점,747269,잘생긴
허파 물고 있는 김 독 자 너 무 귀 여 워  ,전지적 독자 시점,747269,그림체가 귀여운
유중혁처럼 말해보기 ㅋㅋㅋㅋ 귀엽다ㅜ,전지적 독자 시점,747269,빵터지는
유중혁처럼 말해보기래 ㅋㅋ  넘 귀엽다 독자 ㅋㅋ,전지적 독자 시점,747269,빵터지는
 초만에 다봤네 ㄹㅇ,전지적 독자 시점,747269,기다려지는
 주전에 여기까지 지르고 지금 시리즈에서 마왕성보는중인데 왜이리 귀엽냐ㅋㅋㅋ아직 내가 보는부분  분의 도 안왔네ㅎㅎ,전지적 독자 시점,747269,판타지물
깨알 유중력 따라하기ㅋㄱㅋ,전지적 독자 시점,747269,빵터지는
와 김독자 섹시해퓨ㅠㅠㅠㅠ,전지적 독자 시점,747269,잘생긴
김독자 ㅈㄴ 멋있어 ,전지적 독자 시점,747269,잘생긴
잡배의 군주ㅋㅋㅋ 이름봐랑ㅋㅋ,전지적 독자 시점,747269,판타지물
와 진짜 성좌 독심술 쓰네 정확해,전지적 독자 시점,747269,판타지물
근데 잘생김님 미쳤나요  왜 스포하지 날라면서 지가 스포하고 있어 양심 없냐 ,전지적 독자 시점,747269,잘생긴
진짜 개재밌다 ,전지적 독자 시점,747269,기다려지는
독자 사복 존잘,전지적 독자 시점,747269,잘생긴
독자야 오늘따라 유독히 더 잘생겼구나 작가님 그림 퀄릭티 미쳤어요ㅠㅠㅠㅠㅠㅠㅠㅠㅠㅠ 이번 화 울 멋진 언니 등장 ,전지적 독자 시점,747269,그림체가 디테일한
독자 왕따였음  근데 존나 쎈데,전지적 독자 시점,747269,먼치킨인
유중혁처럼 말해보깈ㅋㅋㅋ,전지적 독자 시점,747269,빵터지는
독자 겁나 잘생겼네 ,전지적 독자 시점,747269,잘생긴
와 ㄹㅇ 사이다,전지적 독자 시점,747269,사이다인
와 씨 검정 셔츠 존잘인데 왜 저런 옷 지금 입혔냐,전지적 독자 시점,747269,잘생긴
소설을 웹툰화 시켰는데 진짜 어색하지 않고 잘그리시네요,전지적 독자 시점,747269,그림체가 디테일한
와  독자 멋있다 ,전지적 독자 시점,747269,잘생긴
하앍 섹시해요 독자씨,전지적 독자 시점,747269,잘생긴
아 진짜 묘사 너무 좋아  퀄리티 너무 좋아요 연출도 그렇고,전지적 독자 시점,747269,그림체가 디테일한
  독자쿤 멋있자나   오해하지마라,전지적 독자 시점,747269,잘생긴
아 책이랑은 여기서 느낌이 조금 갈리네요소설에서는 이때 독자가 죽이지 않을 수 있고  여성분에게 선행을 베풀지 않을 스도 있지만 성좌들이 보는 이 방송이 그런 선함과 잔인함을 원하기 때문에 행하는 위선이다 라는 느낌이 확 드러났는데 웹툰에서는 독자 자신의 내면에 조금 더 집중한거같은 느낌 ,전지적 독자 시점,747269,판타지물
아 너무재밌네ㅋㅋㅋㅋ,전지적 독자 시점,747269,기다려지는
김독자 존나 멋있어 ,전지적 독자 시점,747269,잘생긴
다음화에 드디어 모든전독시 팬들의 사랑을 독차지하는  픽 갓명오 킹장님 나오겠네 ㅎㅎㅎ 빨리 갓명오 따님 아스모쨩 보고싶어요 ,전지적 독자 시점,747269,기다려지는
사람은 죽이면서 또 다른 사람은 업고가는  ,전지적 독자 시점,747269,어두운
잘생겼어  이 말밖에 안나온다 ,전지적 독자 시점,747269,잘생긴
저 잡배의 군주 화신 불쌍해 큐큐ㅠ큨,전지적 독자 시점,747269,판타지물
이케봐도 잘생기고 저케봐도 잘생기면,전지적 독자 시점,747269,잘생긴
아니 성좌들 반응이 너무 귀여워ㅋㅋㅋㅋㅋㅋㅋㅋㅋ,전지적 독자 시점,747269,판타지물
아래에 은밀한 모략가가 누군지 스포한 녀석들아 아주 고오오오오오맙네 진짜 니들 덕에 소설에 쿠키 구울 맘이 아주 싹사라졌네 아주그냥  무 지능형 안티들이여 녀석들,전지적 독자 시점,747269,판타지물
살면서 첨으로 쿠키구움 ㄹㅈㄷ인생작,전지적 독자 시점,747269,기다려지는
진짜 ㅈㄴ 잼있다,전지적 독자 시점,747269,기다려지는
김독자개멋있어,전지적 독자 시점,747269,잘생긴
와씨 와  독자야 너무 멋있다 진찌 와 ㅜㅜㅜㅜㅜㅜ김독자 ,전지적 독자 시점,747269,잘생긴
독자 존잘이네,전지적 독자 시점,747269,잘생긴
진짜 독자 회마다 외모에 취한다ㅠㅠ,전지적 독자 시점,747269,잘생긴
다음편이 있는곳으로 날안내해,전지적 독자 시점,747269,기다려지는
제 의 벽 연출 너무 좋아 ㅠㅠ,전지적 독자 시점,747269,그림체가 디테일한
그림진짜갓이다,전지적 독자 시점,747269,그림체가 디테일한
아 존잼이네,전지적 독자 시점,747269,기다려지는
나는   신탑에 유리 느낌일줄알았는데,전지적 독자 시점,747269,판타지물
살짝 나혼렙 그림체랑 비슷하넹,전지적 독자 시점,747269,판타지물
응 졸라 잼있어 다음 ,전지적 독자 시점,747269,기다려지는
구원의 마왕까지밖에 모르냐 ㅋ,전지적 독자 시점,747269,판타지물
스포아님  배후성이 있는 성좌와 싸우는 김독자는 후에 거대설화를 쌓아 자신이 직접  구원의 마왕 이라는 성좌가됩니다  ㅋㅋ루삥뽕빵뽕,전지적 독자 시점,747269,판타지물
희원이 예뿌네 우리엘은 언제나오려나,전지적 독자 시점,747269,판타지물
잡배의 군주 벨리알 추측해봅니다 벨리알이 원래 깡패랑 관련이 많기도 한게 벨리알같음,전지적 독자 시점,747269,판타지물
김독자 잘생겼어ㅜㅜ,전지적 독자 시점,747269,잘생긴
곤충 리얼하다 ㅁㅊ,전지적 독자 시점,747269,그림체가 디테일한
다음편 ,전지적 독자 시점,747269,기다려지는
ㄱㅇ의 마ㅇ편 존버합니다,전지적 독자 시점,747269,기다려지는
하 일주일을 또 언제 기다려ㅠㅠ,전지적 독자 시점,747269,기다려지는
통장털어서 소설로읽고왓따 너무재밋따,전지적 독자 시점,747269,기다려지는
ㅠㅠㅠㅠㅠㅠㅠ막짤 너무잘생겻어 독자야ㅠㅠㅠㅠㅠ 언니나왓다ㅠㅠㅠㅠ 흑흑 이뻐여언니ㅠㅠㅠㅠ,전지적 독자 시점,747269,잘생긴
  재미있네,전지적 독자 시점,747269,기다려지는
독자 존멋,전지적 독자 시점,747269,잘생긴
독자 쪽쪽이 물고있는거같아서 귀엽 ,전지적 독자 시점,747269,그림체가 귀여운
잘생긴 사람만 봐도 재밌다는 얘기가 여기서 나온건가  ㅈㄴ 재밌다 ,전지적 독자 시점,747269,잘생긴
아이고 독자야아아아아 독자야아아아ㅠㅠㅠㅠㅠ멋지다 우리 독자ㅠㅠㅠㅜㅠ,전지적 독자 시점,747269,잘생긴
넘흐재밌다ㅠㅠ,전지적 독자 시점,747269,기다려지는
다음화 다음화가 필요해 ,전지적 독자 시점,747269,기다려지는
 성좌  미래를 보고온 자 가 알고 있어도 닥치고 있으라고 경고합니다 ,전지적 독자 시점,747269,판타지물
진짜 세계가 멸망하면 선과악은 구분이 안되겠죠  슬프게도 저런 상황은 일어나지 않을 수가 없을 거에요 ,전지적 독자 시점,747269,어두운
무조건 살리자,전지적 독자 시점,747269,어두운
우리가  성좌임 ,전지적 독자 시점,747269,판타지물
말고  다음편이 없잖아 ,전지적 독자 시점,747269,기다려지는
개머시따 ,전지적 독자 시점,747269,잘생긴
미치겠네 너무 재밌다ㅠ,전지적 독자 시점,747269,기다려지는
우와 진짜 잼잇다 ㅠㅠ,전지적 독자 시점,747269,기다려지는
우리 독자 멋있다 잘한다 잘생겼다ㅜㅜㅜㅜㅜㅜㅜㅜ 사랑해 김독자 ,전지적 독자 시점,747269,잘생긴
독자야 나의 아기 고양이 헝헝헝ㅎ엉 너무 이쁘구나흐ㅠ훠,전지적 독자 시점,747269,잘생긴
악인을 죽일때만큼은 세계최고로 쿨하고 섹시하고 얼굴이 펀한 김독자 당신 쿨펀섹좌 ,전지적 독자 시점,747269,잘생긴
ㅠㅜㅠㅜㅠㅜ 으흙 독자 ㅈㄴ 존잘이네ㅠㅠ,전지적 독자 시점,747269,잘생긴
이거 애니 말고 영화화 됨   부로 신과함께 회사랑,전지적 독자 시점,747269,판타지물
근데 나혼렙 보는 사람으로써 스타일이 우리 성진우 행님 아니오 검정머리 단정함  잘생김 공식인가,전지적 독자 시점,747269,판타지물
독자야 사랑해 오늘도 넘 머싯어 ,전지적 독자 시점,747269,잘생긴
아 진심 독자 너무 멋있다ㅠㅠ,전지적 독자 시점,747269,잘생긴
웹툰때문에 소설보기 시작  대존잼ㄹㅇ,전지적 독자 시점,747269,기다려지는
미친 잘생겼네 ㅋ,전지적 독자 시점,747269,잘생긴
와 저 얼굴 봐 독자 제대로 잘생겼다,전지적 독자 시점,747269,잘생긴
우리엘 보고싶다 소설때 제일 보고싶고 또 맘에 드는 케릭터 였는데,전지적 독자 시점,747269,판타지물
ㅗㅜ 튜토리얼 보고 오니까 힐링이 되는구만ㅋㅋㅋㅋ,전지적 독자 시점,747269,게임물
와 근데 볼때마다 느끼는건데 작화 대박이다 보통 장기연재하는 웹툰들 보면 초반이랑 후반이랑 작화 더 발전하고 달라지던데 전독시는 여기서 더 발전할게 있을까  달라진다고 해도 캐릭터 스타일 조금씩만일듯 ,전지적 독자 시점,747269,그림체가 디테일한
와 근데 그림체 진짜 압권이다  개대박  ㄷㄷ,전지적 독자 시점,747269,그림체가 디테일한
다음화로 안내해 ,전지적 독자 시점,747269,기다려지는
전독시 소설을 안읽어본 사람이 세상에서 제일 불쌍함앞으로 나올 내용들과 전개를 알고 있으니 그 거대한 서막들이 열리는걸 상상만해도 재밌는데 웹툰으로 어떻게 묘사될지 그 마지막은 또 어떻게 풀어갈지 기대됨,전지적 독자 시점,747269,기다려지는
넘나 잼난 것,전지적 독자 시점,747269,기다려지는
 튜토리얼 탑의 고인물 이랑 같은 소설원작 웹툰이여도 그림부터 분량까지 급이 다르네 역시,전지적 독자 시점,747269,게임물
독자 점점 잘생겨진다 흑흑,전지적 독자 시점,747269,잘생긴
미친 웹소설 안봤는데 개존잼이에요 ㅠㅠㅠㅠㅠㅠㅠㅠㅠㅠ미쳤다,전지적 독자 시점,747269,기다려지는
웹툰보다가 원작소설도 보기 시작했는데 넘 재밌음  뒷부분 빨리 웹툰에 나오면 좋겠는데 양이 짱 많아서 한참은 기다려야 할 듯  누가 나 좀 웹툰 완결날 때까지 기절시켜줘요 ,전지적 독자 시점,747269,기다려지는
제가 그려왔던 상상 속의 컷씬이랑 너무 비슷해서 소름돋고 너무 섬세하게 묘사해주셔서 감사하게 보고 있습니다  앞으로도 하고 싶은대로 그려주세요 ,전지적 독자 시점,747269,그림체가 디테일한
넘나 재밌다 ,전지적 독자 시점,747269,기다려지는
정희원 멸악의심판자 예스,전지적 독자 시점,747269,판타지물
김독자 보면 볼수록 존나 잘생겼는데,전지적 독자 시점,747269,잘생긴
작화 미첬다 진짜ㅜㅜ,전지적 독자 시점,747269,그림체가 디테일한
저 진짜 원작 보면서 일주일 넘게 밤새며 읽었습니다  하아 몰입감 최고에 진짜 최고 또 최고에요ㅠㅠㅠㅠㅠㅠㅠㅠㅠㅠ 진짜 나 작가님 무릎꿇고 머리 박으며 충성할 자신 있을정도애요 원작보세요  번 보세요  번 보세요ㅠㅠㅠㅠㅠㅠㅠㅠㅠㅠㅠ,전지적 독자 시점,747269,기다려지는
소설 꼭 보세요 진짜 미치게 재밌습니다,전지적 독자 시점,747269,기다려지는
아   이거 진짜  너무재밌는데   작가 지하방에 가두자 ,전지적 독자 시점,747269,기다려지는
좋아 흥미진진하네,전지적 독자 시점,747269,기다려지는
성좌  구원의 마왕 의  은  종장  입니다성좌  구원의 마왕 의  은  영원  입니다,전지적 독자 시점,747269,판타지물
웹툰 보고 소설 다 읽고온 닝겐이 전독시 베스트 성좌 되기  주 차,전지적 독자 시점,747269,판타지물
와우 오늘도 독자는 잘생겼구만 ,전지적 독자 시점,747269,잘생긴
이건 띵 명작이다 ,전지적 독자 시점,747269,기다려지는
아 다음화 절실해,전지적 독자 시점,747269,기다려지는
스포고 뭐고 일단 그림체 개쩐다 ,전지적 독자 시점,747269,그림체가 디테일한
재밌어 재밌는데 뭔가 더 퐉하고 멋있는거 보고싶어 빨리 주인공이랑 합류해에에에,전지적 독자 시점,747269,기다려지는
ㅎ  김독자 착장 지린다 ,전지적 독자 시점,747269,잘생긴
오우오우 너무 재밌고,전지적 독자 시점,747269,기다려지는
너무 무서워요 신고 ㄱㅇㅈㄹ ㅋㅋㅋㅋ,전지적 독자 시점,747269,어두운
독자이좌식  잘생긴넘 ,전지적 독자 시점,747269,잘생긴
김독자 개멋지네 반했다,전지적 독자 시점,747269,잘생긴
범죄가 너무 자세히 묘사되지 않아서 좋다ㅠ,전지적 독자 시점,747269,어두운
 성좌  화요일 밤을 기다리는 눈 이 쿠키를 구우며 다음주를 기다립니다 ,전지적 독자 시점,747269,판타지물
와싀ㅜ오늘 줠라ㅜ잘생김ㅓ,전지적 독자 시점,747269,잘생긴
독자 눈 봐  진심 제대로 섹시한 얼굴이다,전지적 독자 시점,747269,잘생긴
독자 회차 거듭할수록 잘생겨지는거 실화 ,전지적 독자 시점,747269,잘생긴
제  의벽   도깨비왕인 나에게 저런 허세차단하는것쯤은 일도아니라구 ,전지적 독자 시점,747269,판타지물
독자야 네 미모에 자비가 없구나 사랑한다 ,전지적 독자 시점,747269,잘생긴
진짜 ㅋㅋ 넘 댕잼써 ㅜ,전지적 독자 시점,747269,기다려지는
원소설과 다른점이 나에겐 더 매력적인거 같은데 그림으로도 충분히 표현되고 있음,전지적 독자 시점,747269,그림체가 디테일한
 화요일 밤을 기다리는 성좌들이 미친듯이 쿠키를 구워왔습니다  ,전지적 독자 시점,747269,기다려지는
소설 몇화입니까   누가알려주세요,전지적 독자 시점,747269,기다려지는
ㅈㄴ 섹시 내색시,전지적 독자 시점,747269,잘생긴
이거 한 명이 그린 거 맞음 아니면 기업같은 데에서 아예 팀이 있는 거임 퀄리티  린다 ㄷㄷ,전지적 독자 시점,747269,그림체가 디테일한
와 진짜 빨리 다음편 보고싶다,전지적 독자 시점,747269,기다려지는
ㅋㅋㅋㅋㅋㅋㅋㅋㅋ 유중혁 얼굴 몇 주 안 봤다고 또 김독자가 이 세상 미모의 기준이 되어버린 느낌이네 미쳤다 진짜  지금 독자 섹시함 정도면 유중혁 뺨 한 대 칠까 말까 고민할 정도는 된다 ㄹㅇ,전지적 독자 시점,747269,잘생긴
다음편이 있는곳으로 안내해,전지적 독자 시점,747269,기다려지는
언제나 느끼는건데 눈빛 묘사가 세세해서 인물에게 더 빠지는듯,전지적 독자 시점,747269,그림체가 디테일한
미친 김독자 얼굴 개잘생겼고 대박 어떻게ㅜㅜ귀여워 이와중 독자 맨탈흔들리니 우리 벽이가 막아주네ㅜㅜ귀여운 자식,전지적 독자 시점,747269,잘생긴
제 의벽은 도깨비왕이라 모든거 다차단가능 뿌슝빠슝 ,전지적 독자 시점,747269,판타지물
독자 저거 물고있는거 개귀여워 애기같아 하으응ㅠㅠㅠ,전지적 독자 시점,747269,그림체가 디테일한
개띵작 확정,전지적 독자 시점,747269,기다려지는
종나재밋당,전지적 독자 시점,747269,기다려지는
김독자 돌아볼때 표정 너무 순수해보여서 귀여움ㅋㅋㅋㅋㅋㅋㅋㅋㅋ,전지적 독자 시점,747269,그림체가 귀여운
곤충  그렇게 리얼하게 안그려도 된다니까요 ㅜㅜㅜ,전지적 독자 시점,747269,그림체가 디테일한
진짜 저런새ㄲ들이 꼭 성범죄자가 되는데 법좀 강화시켜라 공부 잘하는 ㅅㄲ들아 ,전지적 독자 시점,747269,어두운
썸네일 걸그룹 뮤비같다는 댓글 어디감ㅠㅠ 그거보고 겁나 웃었는데,전지적 독자 시점,747269,빵터지는
이거 지금 보니까 딱 성좌들이 우리 독자들의 심정을 대변해주네 ㅋㅋㅋ 저 쓰잘데기없이 분량 잡아먹는 조무래기들 빨리 치우라는 거,전지적 독자 시점,747269,판타지물
김독자 쪽쪽이 문거 같아 귀여워 사랑스러워 김독자 빡쳤어 개멋있어김독자 유중혁 말투 따라했어 귀여워 섹시해김독자 옷도 갈아입었어 잘어울려김독자 오늘도 사랑해,전지적 독자 시점,747269,잘생긴
  성좌  싫테충이 방구석에서 날뛰고 있습니다 ,전지적 독자 시점,747269,판타지물
마지막컷에서 살짝 성진우 스멜이났다,전지적 독자 시점,747269,판타지물
이 퀄리티로 이런 분량 정말 너무 좋다 ,전지적 독자 시점,747269,그림체가 디테일한
와 소설에서 보면서 진짜 등장인물들 넘 궁금했었는데 그림으로 보니까 진짜 신기하고  퀄리티 쩌네 ,전지적 독자 시점,747269,그림체가 디테일한
철수 죽일때 만화 밖으로 발 빠져나오는거 봐라 메타포 지렸다,전지적 독자 시점,747269,소름돋는
작화 개지린다진짜 웅장해진다 ,전지적 독자 시점,747269,그림체가 디테일한
진짜 개쩐다  독자 사랑해 영원한 내 최애 사랑해,전지적 독자 시점,747269,기다려지는
김독자 처음에 물고있는 저 허파 애기들이 빠는 쪽쪽이 같애서 너무 귀엽당 ㅠㅠ,전지적 독자 시점,747269,그림체가 귀여운
 이 예쁘게 그려주셔서 진심으로 감사합니다 ,전지적 독자 시점,747269,그림체가 디테일한
진짜 볼수록 퀄리티 오진다,전지적 독자 시점,747269,그림체가 디테일한
마조히스트 성좌라니 넘무 무섭잖아,전지적 독자 시점,747269,판타지물
ㅋㅋㅋㅋㅋ유중혁처럼 말해보깈ㅋㅋㅋㅋ독자야 넘 귀여자나 ㅋㅋㅋㅋㅋㅋㅋㅋ,전지적 독자 시점,747269,빵터지는
초반은 역시 이 아포칼립스적 분위기가 꿀잼이었음 ㄹㅇ,전지적 독자 시점,747269,빵터지는
오늘도 재밌게 잘 봤습니다 ,전지적 독자 시점,747269,기다려지는
자극적으로 묘사 안하는데도 상황의 잔혹함이 잘드러나서 좋다,전지적 독자 시점,747269,어두운
하 진짜 저런 새끼들이 꼭 성범죄자가 되요  ,전지적 독자 시점,747269,어두운
김독자 빡친 얼굴 진짜 멋있어,전지적 독자 시점,747269,잘생긴
작화 미쳤다 진짜,전지적 독자 시점,747269,그림체가 디테일한
읽고있었는데벌서끝남 ㅠㅠ,전지적 독자 시점,747269,기다려지는
딴 왭툰들은 걍 재밌어서 보는데 이건 내 다른 인생인마냠 봄 ㅋㅌㅋㅌㅌㅋ 몰입감 개쩜,전지적 독자 시점,747269,기다려지는
독자 너무 멋지게 생겼어 예상과는 달라 넘 멋져 섹시해,전지적 독자 시점,747269,잘생긴
아 갠적으로  여기에 미성년자인 성좌는 없겠지  지금부터 성인방송시간이니까  이런 뉘앙스의 대사 빠져서 아쉽다 난 그거보고 와 오진다 했는데 뭐 빠져도 엄청 재밌네요 ,전지적 독자 시점,747269,판타지물
유중혁처럼 말해보기 ㅋㅋㅋㅋㅋ 독자 귀엽네,전지적 독자 시점,747269,빵터지는
근데 작가님 배경 디테일하게 잘 그리셨네 간판같은것도 되게 디테일함,전지적 독자 시점,747269,그림체가 디테일한
독자 아무리봐도 잘생겼어 짜릿해 늘 새로워,전지적 독자 시점,747269,잘생긴
재밌네용,전지적 독자 시점,747269,기다려지는
성좌도 마조히스트가 있넼ㅋㅋ,전지적 독자 시점,747269,판타지물
ㅈㄴ멋있네 ,전지적 독자 시점,747269,잘생긴
김독자 흰 셔츠에서 검은 셔츠로 바뀌었는데 어쩜 검은색도 잘 어울리냐,전지적 독자 시점,747269,잘생긴
유중혁처럼 이름말해보는 독자 너무 귀엽다ㅋㅋㅋㅋㅋ,전지적 독자 시점,747269,그림체가 귀여운
김독자 검은 셔츠에 정장 좀 언급해주세요 ㅈㄴ섹시해 완전 잘어울려 ,전지적 독자 시점,747269,잘생긴
독자 생각보다 잔인해서 놀랐다 소설 너무 오래전에 봐서 그런가,전지적 독자 시점,747269,어두운
 성좌   김독자사랑해 가 다음편을 기다립니다 ,전지적 독자 시점,747269,기다려지는
세상 멸망하려고 한다고 해서 인간성을 그냥 놓아버리는구나 절망적인 상황에서 이성적인 사람은 소수이겠지만 저 놈들은 다른 사람을 그냥 가축보듯이 한다는게  참  저 여성이 어떤 일을 당할 뻔 알 것 같아서 더욱 안타깝다  ,전지적 독자 시점,747269,어두운
독자야 얼굴과 말빨로 먹고살수있을거같은데 왜 계약직이였니ㅠ,전지적 독자 시점,747269,잘생긴
너무 멋있다  ,전지적 독자 시점,747269,잘생긴
으으어어어어 한  년뒤에 와야되나 ㅠㅠㅠ,전지적 독자 시점,747269,기다려지는
준내 재밌다 쿠키 다 줄테니 다음화 줘용,전지적 독자 시점,747269,기다려지는
와 김독자 진짜 잘생겼네,전지적 독자 시점,747269,잘생긴
독자 검정셔츠 진짜 와 넘 섹시한거 아님  독자야 앞으로 검정 셔츠만 입어 알겠니  흰셔츠 입기만해봐  김독자 흰셔츠  년 압수,전지적 독자 시점,747269,잘생긴
독자야 넘 설렌다 ,전지적 독자 시점,747269,설레는
유중혁처럼 말해보기  ㅋㅋㅋㅋㅋㅋㅋㅋ,전지적 독자 시점,747269,빵터지는
재밌어 ,전지적 독자 시점,747269,기다려지는
다른말 다 필요없이 재밌다 한마디밖에 안나온다,전지적 독자 시점,747269,기다려지는
유중혁처럼 말해보기  ㅋㅋㅋㅋㅋ,전지적 독자 시점,747269,빵터지는
독자 검정 셔츠  너무 잘 어울린다  핏 최고 ,전지적 독자 시점,747269,잘생긴
김독자 목소리 너무 좋아,전지적 독자 시점,747269,잘생긴
김독자 겁나 멋있어 ,전지적 독자 시점,747269,잘생긴
유중혁과 김독자는 사랑입니다 ,전지적 독자 시점,747269,잘생긴
와 작가님 분량 무슨일인가요ㅠㅠㅠ감사합니다 감사합니다ㅜㅠ 열심히 쿠키 굽겠습니다ㅠㅠㅜㅡㅠㅜ,전지적 독자 시점,747269,기다려지는
 성좌   초록창의말랑카우 가 앞으로의 전개를 기대합니다 ,전지적 독자 시점,747269,판타지물
독자 막컷 얼굴 봐  진심 제대로 반할 것 같은 얼굴이다,전지적 독자 시점,747269,잘생긴
진짜 재밌게 봤습니다 다른화에 비해서 더욱 몰입도가 있는것 같네요,전지적 독자 시점,747269,기다려지는
아 김독자 다리 완전 얇고 길어ㅠㅠㅠ포즈까지 완 벽 ㅠㅠㅠ잘생겼어 너무 좋아ㅠㅠ,전지적 독자 시점,747269,잘생긴
와 씨 나오늘따라 개잘생겼네,전지적 독자 시점,747269,잘생긴
 저 흑발 여자분 실물은 소설로 본 저희도 처음이라 너무 설렙니다 너무 이쁘네요 ㅎㅎ,전지적 독자 시점,747269,설레는
이런 먼치킨이 좋아 흫,전지적 독자 시점,747269,먼치킨인
긴고아 이미 조무래기 취급하고있넼ㅋㅋㅋㅋ,전지적 독자 시점,747269,판타지물
오늘도 재미있네요독자 얼굴이,전지적 독자 시점,747269,잘생긴
유중혁처럼 말해보기ㅋㅋㅋㅋㅋㅋㅋㅋㅋㅋㅋㅋㅋ,전지적 독자 시점,747269,빵터지는
잔인한건 너희들이겠지 역겨워 ,전지적 독자 시점,747269,어두운
막컷 독자 되게 잘생겼다  누가 이 독자보고 오징어래,전지적 독자 시점,747269,잘생긴
이건 존잼이 아니라 ㅈㄴ꿀잼 입니다 그림체도 좋고,전지적 독자 시점,747269,그림체가 디테일한
